timestamp,Station_1,Station_2,Station_3,Station_4,Station_5,total_busy_chargers
2023-01-01 00:00:00,2.2449960302635845,1.1640822424702384,0.0,3.3422181934630393,0.6330608410399642,7.384357307236827
2023-01-01 01:00:00,1.8090511176222783,2.5473886627802425,1.57226743507435,1.6584070370284911,0.5023903879981235,8.089504640503485
2023-01-01 02:00:00,6.1368304118888615,7.747480460353739,3.8090139112362134,4.8786352746069515,8.267996601099252,30.839956659185017
2023-01-01 03:00:00,2.788869482731595,5.679377980398675,5.235222223274828,5.637495326962108,8.874563673960859,28.215528687328067
2023-01-01 04:00:00,13.384596533435179,9.679605560172218,6.436656189664119,12.645904625096556,10.517347619166596,52.664110527534675
2023-01-01 05:00:00,17.92016653857386,14.570654959846284,10.625095113764814,13.93108190091219,15.110900313799398,72.15789882689654
2023-01-01 06:00:00,12.002164372738786,16.90773042650641,10.528386801649477,13.355115077007591,9.923992754073156,62.71738943197542
2023-01-01 07:00:00,14.445325459361896,12.655235081911828,18.725372266387204,16.681128634378336,9.728084738020465,72.23514618005973
2023-01-01 08:00:00,20.0,16.893396683861383,19.6990577775329,18.833872108553123,12.176676944713222,87.60300351466063
2023-01-01 09:00:00,18.10768957603976,20.0,17.996031009130252,17.17910133839098,20.0,93.28282192356099
2023-01-01 10:00:00,20.0,20.0,20.0,18.16726493666599,18.766429884350295,96.93369482101627
2023-01-01 11:00:00,20.0,18.731248111754116,17.51787564958998,20.0,20.0,96.2491237613441
2023-01-01 12:00:00,20.0,17.313309533638108,20.0,18.914232571342534,20.0,96.22754210498064
2023-01-01 13:00:00,16.299540577161633,17.92671519166729,18.554918203725062,20.0,20.0,92.78117397255399
2023-01-01 14:00:00,12.27201451195601,20.0,20.0,20.0,16.30272361720694,88.57473812916294
2023-01-01 15:00:00,17.562705238648167,19.89793290849907,20.0,20.0,20.0,97.46063814714724
2023-01-01 16:00:00,17.657433766362725,18.080997493679074,20.0,16.90761057784004,15.608165527200027,88.25420736508187
2023-01-01 17:00:00,20.0,18.2959976090976,16.31706454086361,14.170397757282036,12.840671931299813,81.62413183854305
2023-01-01 18:00:00,20.0,14.50286517037408,11.35240139334931,17.996052391567225,15.287123614537254,79.13844256982787
2023-01-01 19:00:00,11.295836210600482,19.727424831972655,8.166039920457766,8.478805422530312,6.659067040359505,54.32717342592072
2023-01-01 20:00:00,10.564053097483269,7.573873408036148,10.841535862041107,5.1778560251658465,11.238731829440583,45.39605022216695
2023-01-01 21:00:00,5.531959043160009,6.0223947588771045,11.67086224404728,11.004043038428414,10.235190885129903,44.46444996964271
2023-01-01 22:00:00,3.2776316707446638,10.859994807497074,4.579821629425066,4.3737029297388785,2.2236316005294894,25.314782637935174
2023-01-01 23:00:00,0.6883633671397522,1.5714070926868309,4.651398994817164,5.605438412504476,3.534839559839763,16.051447426987988
2023-01-02 00:00:00,2.8203050973678265,3.8056972817811943,0.0,0.40833520961844405,0.0,7.034337588767466
2023-01-02 01:00:00,7.762968349330778,0.15656431055386966,5.773029392871906,0.0,3.7470175656670963,17.43957961842365
2023-01-02 02:00:00,0.0,6.637509824198222,3.352586724512655,9.462438112073684,6.354783514301269,25.807318175085832
2023-01-02 03:00:00,15.294515420269768,6.728317097544717,13.168377188448508,10.810642600576392,7.272222662086021,53.27407496892541
2023-01-02 04:00:00,13.768389095857927,8.296740229003913,13.358956916384034,2.928297328939636,14.011267031248831,52.363650601434344
2023-01-02 05:00:00,13.856440771254272,7.988381414330153,16.1033233193008,11.467077317217155,11.918360630980931,61.33358345308331
2023-01-02 06:00:00,9.64135295906234,18.86654343884892,12.33454506017421,20.0,12.891552032972312,73.73399349105779
2023-01-02 07:00:00,16.89848227547348,14.794692831090837,15.858985927100717,13.465237138090929,14.108190521702333,75.1255886934583
2023-01-02 08:00:00,20.0,20.0,17.026236799657156,20.0,14.648042750538503,91.67427955019566
2023-01-02 09:00:00,20.0,18.68940310160984,12.467350240266548,20.0,17.68446950355859,88.84122284543498
2023-01-02 10:00:00,20.0,20.0,20.0,20.0,20.0,100.0
2023-01-02 11:00:00,20.0,20.0,20.0,19.056287490243804,20.0,99.0562874902438
2023-01-02 12:00:00,18.072570967788877,20.0,20.0,20.0,20.0,98.07257096778888
2023-01-02 13:00:00,18.596179579201905,20.0,20.0,17.83744456049887,20.0,96.43362413970077
2023-01-02 14:00:00,20.0,19.727045267965245,18.291996634456968,19.83041825050752,17.04937685598271,94.89883700891245
2023-01-02 15:00:00,15.29142423976419,20.0,17.860786546057312,18.143024840149177,19.842141527626644,91.13737715359733
2023-01-02 16:00:00,20.0,19.02407912929214,14.464146126708918,18.245821235341175,20.0,91.73404649134224
2023-01-02 17:00:00,14.945174952795066,13.010683892997536,14.442503935479136,13.882810252762292,14.918575966878704,71.19974900091273
2023-01-02 18:00:00,10.741670065914791,14.227801268864075,15.5369140630896,19.617919039010992,6.97357831093287,67.09788274781233
2023-01-02 19:00:00,5.421230921950281,11.564246244263039,11.38896949251684,12.038299178494173,5.925696796996477,46.33844263422081
2023-01-02 20:00:00,9.196979425929339,15.252441678792806,6.457905569121739,8.595446881507305,12.27507656918595,51.77785012453714
2023-01-02 21:00:00,6.6008086252629905,2.92216860260913,1.098811346742889,5.387468489041136,12.62650766287369,28.635764726529835
2023-01-02 22:00:00,4.560592020120768,4.859395204959561,6.044065211687336,5.417104170856287,4.409857926993193,25.291014534617144
2023-01-02 23:00:00,4.998992060025632,0.0,3.1085642100730135,4.12433127716297,0.0,12.231887547261614
2023-01-03 00:00:00,2.724969689839664,0.0,0.0,0.5279187952287202,0.0,3.252888485068384
2023-01-03 01:00:00,3.8982565610209825,2.1268887140482464,0.16068533400854568,10.818672851764358,0.0,17.00450346084213
2023-01-03 02:00:00,8.500502619028097,3.596252718128768,4.9954111778920245,12.59915474542386,11.134776451170623,40.82609771164337
2023-01-03 03:00:00,2.9796563650725103,9.29421388073571,10.345328826286263,7.034768649147067,2.652961798747568,32.30692951998912
2023-01-03 04:00:00,7.134097626698668,4.168972948449995,7.540479491891141,8.744805842660156,3.429909548417987,31.018265458117945
2023-01-03 05:00:00,20.0,7.791530863310259,11.860480558245994,8.031475980535182,14.878272635316717,62.561760037408156
2023-01-03 06:00:00,16.125775471325834,16.496508530088906,18.913184751543483,15.423691994769118,8.71940837122194,75.67856911894928
2023-01-03 07:00:00,15.433495752264442,17.192719434005642,16.339096719908444,15.920198758009498,16.77798340292509,81.6634940671131
2023-01-03 08:00:00,11.376187744426545,20.0,20.0,12.37160700012434,16.102272605455497,79.85006735000638
2023-01-03 09:00:00,20.0,15.90305002035776,19.64106835660515,18.668235727291385,18.29028394847678,92.50263805273109
2023-01-03 10:00:00,18.851831555342848,18.460376763848384,20.0,20.0,20.0,97.31220831919123
2023-01-03 11:00:00,16.332556520292126,20.0,19.375591481455842,20.0,17.884871407752865,93.59301940950084
2023-01-03 12:00:00,16.09441887811129,19.87017889359173,20.0,20.0,20.0,95.96459777170303
2023-01-03 13:00:00,15.069380481615637,20.0,20.0,20.0,20.0,95.06938048161564
2023-01-03 14:00:00,16.182476939470444,20.0,20.0,19.617971112604497,18.563937540728233,94.36438559280317
2023-01-03 15:00:00,19.12284668937298,19.838071067686688,17.184755766988644,17.29943424828411,20.0,93.44510777233242
2023-01-03 16:00:00,15.032632056382004,19.415682110365925,17.12011399738896,17.111449117707583,18.609122769005598,87.28900005085006
2023-01-03 17:00:00,9.655291484131414,18.829162982278948,13.342376362883515,14.32483577848294,13.879227562424544,70.03089417020136
2023-01-03 18:00:00,10.974463668827205,14.656502807057183,12.06204148469567,12.233713702890151,9.892680355716202,59.81940201918641
2023-01-03 19:00:00,7.7876385188143775,5.464124585957011,9.62548115108781,11.438631224673138,16.28674748288553,50.602622963417865
2023-01-03 20:00:00,12.578362109227665,7.1630649469325745,7.002723579078611,10.100891788155353,9.371634027666692,46.2166764510609
2023-01-03 21:00:00,10.167834107522683,3.152107481815804,6.49347310720723,8.36088864171735,7.658467567068597,35.832770905331664
2023-01-03 22:00:00,5.564936935598811,1.8078174454792215,3.6266959415196753,5.452823775799593,2.019346187337149,18.47162028573445
2023-01-03 23:00:00,0.22005078462450012,0.0,0.0,0.0,0.0,0.22005078462450012
2023-01-04 00:00:00,4.498016316509925,2.4157063768865568,0.0,0.0,1.010657853993137,7.924380547389618
2023-01-04 01:00:00,4.4737338121783115,0.25736504177675235,4.399458232815867,8.631831942655877,0.8093470757050869,18.571736105131894
2023-01-04 02:00:00,13.659250561271989,11.055581427642217,6.41718658708403,6.6644582294723005,7.507299430941715,45.303776236412254
2023-01-04 03:00:00,2.555243148825876,7.706548157701916,7.996782795391352,9.177873114132684,10.352638838950558,37.789086055002386
2023-01-04 04:00:00,12.829541759106972,8.322200395600174,7.705661213060732,8.430899202359235,9.2641605815387,46.55246315166582
2023-01-04 05:00:00,13.632908856577167,13.955109025401374,10.501611061267578,11.199631968578936,14.770813590843751,64.06007450266881
2023-01-04 06:00:00,15.536291375522193,20.0,14.156461620498982,14.497081002972944,16.823131103304128,81.01296510229824
2023-01-04 07:00:00,19.713899181999984,17.55498706957663,20.0,11.30782148164768,17.34923341092596,85.92594114415026
2023-01-04 08:00:00,13.372932752577483,13.709993757425266,15.961278311073983,18.74835699742618,16.280732715013098,78.073294533516
2023-01-04 09:00:00,20.0,16.1515336599945,20.0,20.0,10.330832519926892,86.48236617992139
2023-01-04 10:00:00,19.831549215299113,16.616781975335392,18.304482012196495,20.0,14.493025396657032,89.24583859948802
2023-01-04 11:00:00,20.0,20.0,18.945351038596165,14.669589789313633,20.0,93.6149408279098
2023-01-04 12:00:00,20.0,20.0,20.0,20.0,20.0,100.0
2023-01-04 13:00:00,17.175280577311646,16.82560019892277,20.0,19.383303394356815,16.719138646940003,90.10332281753122
2023-01-04 14:00:00,20.0,16.387148103653875,17.208391904834333,20.0,20.0,93.5955400084882
2023-01-04 15:00:00,20.0,20.0,20.0,20.0,20.0,100.0
2023-01-04 16:00:00,19.436172451307424,20.0,20.0,20.0,15.808652442678206,95.24482489398564
2023-01-04 17:00:00,13.515630080852553,16.30130285371948,18.40925213688508,20.0,15.205677284332852,83.43186235578996
2023-01-04 18:00:00,11.083080725347395,15.936581669208248,10.227514601627513,14.141484398138523,17.90675871829149,69.29542011261317
2023-01-04 19:00:00,8.417941234823381,7.415526282423358,10.82416799580097,14.688792105352253,16.466793204353223,57.81322082275318
2023-01-04 20:00:00,14.713657663781179,14.0141650418227,12.253055896088242,11.5783751537655,9.944648526831806,62.503902282289424
2023-01-04 21:00:00,5.053277701097184,6.2760715048973275,9.064662033088926,14.31600451942078,9.102022718539663,43.81203847704388
2023-01-04 22:00:00,3.7939214703010684,10.674478097113235,0.0,0.8412790739388232,9.194244940681772,24.5039235820349
2023-01-04 23:00:00,0.0,2.165944091435313,0.09964489704427626,2.2807019732147404,3.2796300514981533,7.825921013192484
2023-01-05 00:00:00,0.5442707637420141,0.6129926168068717,3.8421571785911284,0.0,0.0,4.999420559140014
2023-01-05 01:00:00,6.574086321131622,4.258516144691928,0.0,7.268202234212511,0.0,18.10080470003606
2023-01-05 02:00:00,7.926244568038027,3.0947733837901756,0.0,8.17278101058832,6.099667449637869,25.293466412054393
2023-01-05 03:00:00,8.591163555786697,2.8282740613885204,8.270758758528403,9.14307742988042,10.435654993634762,39.268928799218806
2023-01-05 04:00:00,15.887255384729649,11.085757754111158,2.9014952775353633,2.92190635735526,16.288796418570076,49.0852111923015
2023-01-05 05:00:00,12.818966591744529,11.824643218095103,11.238773166443757,13.389506714052605,11.158393773398943,60.43028346373494
2023-01-05 06:00:00,15.182164679184003,16.199497401172188,11.246603578303109,15.06142964922552,16.388239450620354,74.07793475850517
2023-01-05 07:00:00,17.099668116563457,20.0,17.775543559478553,19.977788630833373,18.030695099401093,92.88369540627647
2023-01-05 08:00:00,18.46474246766007,14.443213048359405,19.66324537251206,15.653954316725644,14.682866507809024,82.9080217130662
2023-01-05 09:00:00,20.0,16.747891637318226,17.142785757609676,13.190967697543783,20.0,87.08164509247169
2023-01-05 10:00:00,13.920347420357857,13.187982696354778,16.851644838151604,17.201724785577657,18.495041222341136,79.65674096278303
2023-01-05 11:00:00,20.0,17.22225705392886,18.94430235414285,17.59273174495703,20.0,93.75929115302874
2023-01-05 12:00:00,16.148665802196795,20.0,13.306717588287093,20.0,12.959194383332065,82.41457777381595
2023-01-05 13:00:00,18.00322220486095,20.0,20.0,15.242700064633041,20.0,93.24592226949399
2023-01-05 14:00:00,18.221846246873667,19.63476844125039,19.0225968623823,17.66740247585813,20.0,94.54661402636448
2023-01-05 15:00:00,17.180394096570403,20.0,16.406948891912823,20.0,19.885180299551283,93.47252328803451
2023-01-05 16:00:00,20.0,16.819947959946376,18.417868403661153,20.0,15.577015952555985,90.8148323161635
2023-01-05 17:00:00,14.40096900349835,18.126379230250333,16.823385238600796,20.0,16.084749552629262,85.43548302497874
2023-01-05 18:00:00,11.93456024821337,8.471957784798798,18.061006585036942,13.610253069295782,15.659353103452053,67.73713079079694
2023-01-05 19:00:00,10.983691359284665,7.410018396360574,8.108863621339292,11.244309027992397,11.640470651717,49.387353056693925
2023-01-05 20:00:00,11.447113170523489,13.836222912957545,8.443490194031744,10.418446181872234,9.683416997749934,53.82868945713494
2023-01-05 21:00:00,9.144756784006622,9.132480672808677,10.065176368307172,4.078732333170669,8.666876823840466,41.08802298213361
2023-01-05 22:00:00,4.750918519068729,9.223525695533617,2.89209272241429,10.892383010385934,4.7259534973640145,32.484873444766585
2023-01-05 23:00:00,6.033671051104287,3.4342020258531973,1.3568815146212934,5.5924702160679125,3.197816734256053,19.61504154190274
2023-01-06 00:00:00,4.542647316569631,4.135941138164398,0.8188859833454176,0.0,0.0,9.497474438079447
2023-01-06 01:00:00,2.40998946341222,0.0,4.004619266527219,0.0,0.0,6.414608729939439
2023-01-06 02:00:00,5.801794708495315,8.834253933744947,4.0668567251260335,3.358362529193845,5.27304622298595,27.33431411954609
2023-01-06 03:00:00,1.759439661039222,9.19047422134652,8.059074639118895,5.530649764450379,5.998547358210507,30.538185644165523
2023-01-06 04:00:00,10.034231885243797,5.8057186181487515,8.074572602666068,10.0153824460613,9.126815294959588,43.056720847079504
2023-01-06 05:00:00,13.2961455415528,10.041375650641996,14.204067916401652,4.756600490899913,13.311763382106744,55.6099529816031
2023-01-06 06:00:00,14.332885043735946,17.233140324437827,11.879611217946596,18.573424611412005,8.359801076976261,70.37886227450863
2023-01-06 07:00:00,19.262390267880157,15.659358884508674,17.457223543798527,19.935708815128258,18.264265765341875,90.57894727665749
2023-01-06 08:00:00,20.0,12.171083338451947,15.107944231710352,20.0,20.0,87.2790275701623
2023-01-06 09:00:00,13.094637944807712,14.386743676314808,14.9861514220259,19.679716074858607,14.442026178926394,76.58927529693342
2023-01-06 10:00:00,20.0,20.0,20.0,17.89442652603914,19.833006764762697,97.72743329080184
2023-01-06 11:00:00,18.934594734362104,20.0,20.0,20.0,19.78267411159159,98.7172688459537
2023-01-06 12:00:00,20.0,20.0,20.0,20.0,20.0,100.0
2023-01-06 13:00:00,20.0,19.56884569892762,20.0,20.0,20.0,99.56884569892762
2023-01-06 14:00:00,16.644830017675353,20.0,18.141160187155766,17.98828317336654,12.640961857527767,85.41523523572543
2023-01-06 15:00:00,20.0,19.564503735429824,20.0,20.0,13.39727791647617,92.961781651906
2023-01-06 16:00:00,14.996485069481448,18.143564362114226,19.07185811630785,19.38548946574036,20.0,91.59739701364389
2023-01-06 17:00:00,19.278016631081083,14.832004018766968,15.884697185175442,12.615080294838418,18.854894532893038,81.46469266275496
2023-01-06 18:00:00,14.576617563949956,14.97619913601875,14.784159950959875,15.029208984252614,10.575606631255638,69.94179226643683
2023-01-06 19:00:00,10.266608992017193,9.885888604668402,15.369700767605355,12.371959435465904,10.762723450814713,58.656881250571566
2023-01-06 20:00:00,7.986261767715597,7.919431512070609,10.401112688574095,6.961799068866142,13.629126954361611,46.89773199158805
2023-01-06 21:00:00,5.563837583675165,11.12976796175639,10.484812648130806,5.112760016991627,8.058310941010921,40.34948915156491
2023-01-06 22:00:00,5.56274811109967,2.2674890326693413,10.011826136974175,4.24641745749634,7.776235328848445,29.86471606708797
2023-01-06 23:00:00,2.0201048596143396,1.8092002159880969,0.0,5.889299314663242,2.0736294145580376,11.792233804823717
2023-01-07 00:00:00,3.433066653200865,2.3713259495158043,0.3379070516051867,1.8661866757170924,4.197342454972619,12.205828785011567
2023-01-07 01:00:00,3.4451836623067553,0.0,0.0,4.010853514627368,8.040119049725899,15.496156226660023
2023-01-07 02:00:00,9.362356964209674,2.474689508241679,5.11899164379573,8.938250526091077,4.8328240136497325,30.727112655987895
2023-01-07 03:00:00,8.169486263047848,6.703899571640876,10.087024626131765,12.324640508324777,12.102342166239355,49.38739313538461
2023-01-07 04:00:00,17.42390526042618,10.202557513022274,10.312892380193524,11.079656124218479,10.637537373404324,59.656548651264785
2023-01-07 05:00:00,13.487885980673822,12.88892554788262,15.095605696242407,18.450863917862776,15.001479908172907,74.92476105083453
2023-01-07 06:00:00,18.40411686881262,13.685393898954176,15.172810102866965,19.759697446290822,17.24831655629599,84.27033487322056
2023-01-07 07:00:00,15.233928558998805,15.298091873939956,10.867276135547158,14.103352411223089,16.318478163906693,71.8211271436157
2023-01-07 08:00:00,15.004699989854867,18.249117641518954,16.75755088863089,19.64529146492294,18.45915598633185,88.1158159712595
2023-01-07 09:00:00,16.80243304092283,17.815942668689804,20.0,17.362918433806,20.0,91.98129414341864
2023-01-07 10:00:00,20.0,16.867645068566176,20.0,20.0,16.25087722775876,93.11852229632494
2023-01-07 11:00:00,20.0,16.28252364018644,19.204066413012775,17.006434680727885,20.0,92.4930247339271
2023-01-07 12:00:00,15.904755999658441,17.434821473840692,20.0,19.156992244158754,17.363609955471176,89.86017967312907
2023-01-07 13:00:00,14.929988075162743,18.56393778653244,20.0,16.53737296599651,20.0,90.0312988276917
2023-01-07 14:00:00,19.37937859220676,14.583710127445833,15.931150758467751,17.567214946330918,19.138841866690093,86.60029629114135
2023-01-07 15:00:00,20.0,19.08511342936438,20.0,18.66123374840981,19.023581490133978,96.76992866790818
2023-01-07 16:00:00,18.82589111032708,19.363649127731495,18.60736162680083,19.514547627364184,14.094537039396759,90.40598653162034
2023-01-07 17:00:00,17.341246607337087,8.621735812708437,13.780043386336116,15.484096112136735,17.840003054425093,73.06712497294346
2023-01-07 18:00:00,14.532466395927447,15.073149393740541,11.617405614310943,17.032573527096957,10.651121032607573,68.90671596368347
2023-01-07 19:00:00,14.295011304162974,10.897072917187474,8.888996111910487,16.072171503332058,10.818762763997825,60.97201460059082
2023-01-07 20:00:00,11.667836094253081,12.065820441045119,12.779700685947915,11.882497903500026,10.299882415819864,58.69573754056601
2023-01-07 21:00:00,5.174392457834263,5.617934460464912,8.644883437845893,10.819380802501659,6.701095602606969,36.9576867612537
2023-01-07 22:00:00,5.926837742040849,5.07596761399563,1.1039473697386768,6.8947167188869924,1.2045117302918995,20.205981174954047
2023-01-07 23:00:00,4.559029998683167,0.0,0.5177805764775045,3.4066279761861837,2.641560469907082,11.124999021253936
2023-01-08 00:00:00,3.1422840847947375,5.2382661423533605,2.758309555077556,1.0306542602070978,0.0,12.169514042432752
2023-01-08 01:00:00,0.0,3.5223646764498606,6.116749937573573,3.1046115668040875,2.840167095414051,15.583893276241573
2023-01-08 02:00:00,5.18702818977943,6.463413506322062,0.0,9.478837060746388,0.0,21.12927875684788
2023-01-08 03:00:00,8.729819714386103,3.380016662680063,6.30133427524479,10.536042561014671,4.22792419133511,33.17513740466074
2023-01-08 04:00:00,14.773454732367519,12.481874717837556,15.012877405682952,7.799070392090459,9.419519878019706,59.48679712599819
2023-01-08 05:00:00,10.881053158719924,11.495965330815928,14.240474477825778,16.538777312095707,5.255306121840232,58.411576401297566
2023-01-08 06:00:00,10.548006768076451,13.62518144998821,9.325894486093503,17.220823988239317,13.227998093552392,63.94790478594987
2023-01-08 07:00:00,18.956556898559036,12.741879209524466,20.0,16.052311442779143,16.232533172366804,83.98328072322944
2023-01-08 08:00:00,14.429693320405635,14.186459797532272,19.85793172252382,20.0,16.261589007832082,84.73567384829381
2023-01-08 09:00:00,17.149337918047237,20.0,16.79714932832277,17.63944359676734,20.0,91.58593084313735
2023-01-08 10:00:00,15.800326252988643,18.714287421760037,14.00740308935149,19.374582841553156,17.91457575197076,85.8111753576241
2023-01-08 11:00:00,20.0,17.202118697064165,18.481381303384183,19.67398169336843,16.534213422422937,91.89169511623972
2023-01-08 12:00:00,13.358812669773268,20.0,15.500893857272292,20.0,20.0,88.85970652704556
2023-01-08 13:00:00,18.44224265424648,20.0,20.0,20.0,18.21441353578667,96.65665619003315
2023-01-08 14:00:00,20.0,20.0,15.438746978248458,15.697301290245292,17.251508381761553,88.3875566502553
2023-01-08 15:00:00,18.1225548932461,19.831276983816423,20.0,15.827353911526721,19.658488672311286,93.43967446090053
2023-01-08 16:00:00,15.816123738992758,16.2188104878415,17.95230729411701,16.390644070695647,20.0,86.3778855916469
2023-01-08 17:00:00,16.91983760870416,15.909820131387633,13.41038761292988,17.048971132118236,15.355654508896343,78.64467099403626
2023-01-08 18:00:00,15.384648678551695,9.763709200224548,11.990801802290024,8.79414727879518,11.419586859278535,57.35289381913998
2023-01-08 19:00:00,14.809896421943957,10.82700564737761,15.760342633549392,6.450163728263566,8.726069622998168,56.5734780541327
2023-01-08 20:00:00,9.318585226525876,10.52238789207733,8.85188731525482,10.27970863494279,11.013804010269814,49.986373079070624
2023-01-08 21:00:00,8.186339474631309,4.816382143485394,10.172787597884266,0.0,8.292664237159883,31.46817345316085
2023-01-08 22:00:00,3.614427079980207,3.3523114566370795,4.056324171220121,3.439009753342148,8.654161557525523,23.11623401870508
2023-01-08 23:00:00,3.5821796696468713,1.6384937104171864,3.7335269610109934,1.6746729483816711,7.697231972919992,18.326105262376714
2023-01-09 00:00:00,0.5251803969382667,3.4955394481838633,2.4711319681533137,1.8268939239330089,0.0,8.318745737208452
2023-01-09 01:00:00,1.8203651208682485,0.0,0.0,1.787580228076116,2.1447941278681375,5.752739476812502
2023-01-09 02:00:00,9.61668659254126,0.0,3.163977162490106,8.382898322532025,4.8284278295727825,25.991989907136173
2023-01-09 03:00:00,0.19341067281069435,3.860322326180974,10.401077955709159,9.213610196485204,6.233024756301172,29.901445907487204
2023-01-09 04:00:00,9.83465392001121,8.11626542291646,6.438660942152981,8.583996934463912,4.930799258855785,37.90437647840035
2023-01-09 05:00:00,13.116690310669544,14.48815663714689,13.235135932334913,14.090617979169064,9.253010831466895,64.1836116907873
2023-01-09 06:00:00,14.65502390886682,13.225008054104496,17.003062897621255,14.862114625115293,12.403225907341932,72.1484353930498
2023-01-09 07:00:00,16.534702439367134,20.0,14.377164231741187,11.898416820373834,17.7805299452786,80.59081343676075
2023-01-09 08:00:00,19.454679199143012,18.03383116193769,18.061165512398443,19.61026601842287,16.79638126049766,91.95632315239968
2023-01-09 09:00:00,20.0,19.126862547912843,18.47639634633625,17.413188489825075,15.14215180617407,90.15859919024824
2023-01-09 10:00:00,20.0,20.0,20.0,20.0,17.64244356141638,97.64244356141637
2023-01-09 11:00:00,20.0,11.96995159709476,18.923667464053906,18.105824128227564,20.0,88.99944318937624
2023-01-09 12:00:00,17.891768574933145,20.0,20.0,20.0,17.57055754644507,95.46232612137821
2023-01-09 13:00:00,16.614179657142376,20.0,18.510952484612144,19.28992882487868,20.0,94.4150609666332
2023-01-09 14:00:00,18.006828354682234,20.0,17.2501613581169,20.0,20.0,95.25698971279914
2023-01-09 15:00:00,11.587360435326941,20.0,16.989155416548975,20.0,20.0,88.57651585187591
2023-01-09 16:00:00,17.590279064287607,14.288985277172706,14.15461515271828,19.73730293664408,17.912096627647426,83.6832790584701
2023-01-09 17:00:00,12.932446819666303,13.534950477224527,17.75433065116984,17.686756734271064,17.243631364965342,79.15211604729708
2023-01-09 18:00:00,16.022478687592695,12.770428393871688,9.64807432383035,11.550021216881122,15.562966167259397,65.55396878943526
2023-01-09 19:00:00,15.384890951586318,10.384248674315229,13.812037557926601,11.384384168323265,15.575906664296767,66.54146801644818
2023-01-09 20:00:00,13.458352457478277,11.463658053472571,6.266592540246755,10.651669026489424,7.290593030671336,49.130865108358364
2023-01-09 21:00:00,5.084236415121763,8.61337773225352,8.091122499745815,9.105594952812243,8.6412962347154,39.53562783464874
2023-01-09 22:00:00,3.585890141163141,4.372596261595984,1.5037833987468385,7.821213557881181,7.074882804688047,24.358366164075193
2023-01-09 23:00:00,6.6018612296674295,0.0,4.406380961234475,5.4500908390694605,0.0,16.458333029971364
2023-01-10 00:00:00,0.7014250707457532,0.0,0.9261508774256064,0.6953363630346536,0.0,2.3229123112060135
2023-01-10 01:00:00,0.5716224456551515,4.041684365103109,7.5539614276431,1.942250864311516,0.6181883335216249,14.7277074362345
2023-01-10 02:00:00,7.171370735648067,13.676560022067054,4.3618943641251215,5.560558712232636,3.047600063099176,33.817983897172056
2023-01-10 03:00:00,5.553176361150188,8.654382220217062,8.583455945850936,7.404207597205284,7.463114202522405,37.65833632694588
2023-01-10 04:00:00,10.777058733250067,2.9593474831759536,8.339582395638546,6.005194172117003,9.868074233245245,37.94925701742682
2023-01-10 05:00:00,12.402993153957322,12.637711884278144,16.081166964376752,11.426243142605394,12.042144988898539,64.59026013411615
2023-01-10 06:00:00,7.877206482159577,12.313453555702383,17.188465126492137,17.969406273956242,10.291826315737428,65.64035775404776
2023-01-10 07:00:00,12.991159530604676,14.641241598293664,12.75333068833259,19.97106954673797,13.042345378398336,73.39914674236724
2023-01-10 08:00:00,18.894019529131036,19.881201569255985,19.91667405431536,20.0,18.745156830773034,97.43705198347541
2023-01-10 09:00:00,12.767370963866181,15.31635402073157,20.0,20.0,17.388930893595603,85.47265587819335
2023-01-10 10:00:00,16.38252818491807,15.819941971566589,18.12227099687973,16.642413935787346,19.74508483766952,86.71223992682125
2023-01-10 11:00:00,20.0,19.01335215984296,16.607899506895833,20.0,19.187103720313104,94.8083553870519
2023-01-10 12:00:00,19.596333457136346,20.0,17.68758214775541,17.677869208451547,18.418538277448253,93.38032309079156
2023-01-10 13:00:00,20.0,15.92033016685583,19.893150259606738,19.530708933487617,20.0,95.34418935995019
2023-01-10 14:00:00,15.658529042935747,20.0,16.33559639645331,20.0,20.0,91.99412543938905
2023-01-10 15:00:00,20.0,13.04027736948301,11.778936498134446,17.0668042828413,20.0,81.88601815045875
2023-01-10 16:00:00,20.0,19.239196175143952,15.89271300164472,20.0,18.87415539395691,94.00606457074558
2023-01-10 17:00:00,20.0,13.29756048276002,16.856698371565145,15.261849462223957,20.0,85.41610831654913
2023-01-10 18:00:00,15.30912623451771,10.610607815008255,10.353663127473899,9.26674775956754,12.413386388495155,57.953531325062556
2023-01-10 19:00:00,15.574078682831612,8.822762606021726,14.585640422141193,7.772230452768451,12.17414622337065,58.92885838713364
2023-01-10 20:00:00,5.961485830636018,13.81844473543056,13.582401280723271,4.241309860185218,12.774407710559416,50.378049417534484
2023-01-10 21:00:00,14.279146252287305,7.270709831269856,5.230451322722451,6.582874901506876,10.566544821884438,43.92972712967092
2023-01-10 22:00:00,7.276311658762911,7.5202698779620825,6.829601989279041,3.881628458358116,4.207556053261337,29.715368037623485
2023-01-10 23:00:00,6.02832853387388,0.0,6.212557612795681,4.393578548075147,0.0,16.634464694744707
2023-01-11 00:00:00,1.3889075149075458,0.0,0.0,0.0,0.0,1.3889075149075458
2023-01-11 01:00:00,3.3538702279738875,7.879375649198022,0.05802219375400819,1.6324381481748564,2.832533657094504,15.756239876195277
2023-01-11 02:00:00,6.4787770461302525,0.37221346767858954,6.64896283720384,4.420515066693923,0.49739634803746924,18.417864765744074
2023-01-11 03:00:00,5.348932889015674,9.8774456199354,2.7204151734568196,7.363421965134009,4.738056369775331,30.04827201731723
2023-01-11 04:00:00,13.910410482023234,11.709090656202655,8.281094330446289,8.290876327588778,4.1072265515398465,46.2986983478008
2023-01-11 05:00:00,14.2853432244076,11.728123485986247,11.271549630748565,9.859255425678533,14.820394676407016,61.964666443227955
2023-01-11 06:00:00,12.952673082167298,11.735534365554036,18.23076265431932,14.294134300646084,15.899118310475412,73.11222271316215
2023-01-11 07:00:00,10.95463482652465,16.776945457782762,15.820217950465176,12.098909656201746,11.619418568072337,67.27012645904668
2023-01-11 08:00:00,19.709184227906796,15.481399942209238,19.24442348544791,13.66359995167462,13.010542862447275,81.10915046968584
2023-01-11 09:00:00,12.899956479226464,17.443217703986132,17.97293256175204,20.0,16.032617264159423,84.34872400912406
2023-01-11 10:00:00,20.0,15.167780908048297,18.98950203865003,20.0,20.0,94.15728294669833
2023-01-11 11:00:00,20.0,19.781777459335032,20.0,18.663252663226544,19.369891975898724,97.8149220984603
2023-01-11 12:00:00,20.0,20.0,20.0,19.73816351478127,16.9224246290105,96.66058814379176
2023-01-11 13:00:00,20.0,20.0,20.0,19.85750528372195,15.199285913682832,95.05679119740478
2023-01-11 14:00:00,19.10917882383769,19.312286853284782,18.000461418004086,20.0,13.678353448178951,90.10028054330552
2023-01-11 15:00:00,20.0,20.0,20.0,17.052835053141507,14.606043262009052,91.65887831515056
2023-01-11 16:00:00,16.882146922915894,16.65490362417901,15.654763903207773,13.473881158793535,18.429510239377503,81.09520584847373
2023-01-11 17:00:00,16.52825695395563,15.254128742398036,13.707709650518716,18.619750860237275,14.577817308631532,78.68766351574119
2023-01-11 18:00:00,15.732308447158536,20.0,13.933348241758107,12.552607053735615,14.602622904520604,76.82088664717286
2023-01-11 19:00:00,15.920126847165827,12.215270926101057,10.675212447027235,7.749774741876339,17.34949190360238,63.909876865772844
2023-01-11 20:00:00,9.125678904347215,12.341710274384145,12.345125130272251,9.914766891498296,9.781850665677615,53.50913186617952
2023-01-11 21:00:00,6.449747611508304,8.201526185650819,6.3040310635016255,13.239396612670992,3.6365573245224097,37.83125879785415
2023-01-11 22:00:00,7.007045081493926,5.814996360571593,5.861939775314469,3.114269367546683,4.570452951015658,26.368703535942327
2023-01-11 23:00:00,8.066482140361844,4.662010013099854,2.031206348297078,0.0,4.562423883396983,19.322122385155758
2023-01-12 00:00:00,0.0,0.0,0.0,0.0,0.0,0.0
2023-01-12 01:00:00,4.144137439033182,2.5326015504566075,1.930378024050231,5.008491208054811,2.5348503437127587,16.15045856530759
2023-01-12 02:00:00,2.769369680596249,2.812412163937196,5.606330714668894,1.5770579100523188,8.255884401948295,21.02105487120295
2023-01-12 03:00:00,10.13953283020583,8.757818370778995,11.58356474189263,6.321596124038802,6.600888219183946,43.4034002861002
2023-01-12 04:00:00,8.43997709010759,3.646958557269116,10.276509131571212,10.573554993857684,10.91357244467755,43.85057221748315
2023-01-12 05:00:00,14.69869894483901,13.790924460320008,12.149702307944345,13.576730575098233,8.790370860158392,63.00642714835998
2023-01-12 06:00:00,15.844757309039009,15.039430965859005,17.11049191424299,14.31061654703374,12.67769502378725,74.98299175996199
2023-01-12 07:00:00,13.743788622953623,16.494678465311697,13.955500541848409,19.46839568792334,20.0,83.66236331803708
2023-01-12 08:00:00,16.6812863507046,11.013685769588488,17.229583850902557,20.0,16.78634666347761,81.71090263467326
2023-01-12 09:00:00,14.00515347455098,14.146224394552604,19.721001882270595,20.0,15.739049149509643,83.61142890088382
2023-01-12 10:00:00,20.0,11.374370809121196,17.624130394644855,16.970642089968788,16.7992409622312,82.76838425596604
2023-01-12 11:00:00,18.290438116560495,17.284064723711893,20.0,20.0,20.0,95.57450284027239
2023-01-12 12:00:00,19.80245614712753,18.170947527479846,13.000935346040897,20.0,13.473388505339226,84.4477275259875
2023-01-12 13:00:00,20.0,20.0,20.0,16.164790381059156,20.0,96.16479038105916
2023-01-12 14:00:00,20.0,20.0,14.80810543277299,19.38940608093692,16.52798216694959,90.7254936806595
2023-01-12 15:00:00,19.67095342248839,20.0,15.03666533562015,19.078419395423914,14.883515782150207,88.66955393568267
2023-01-12 16:00:00,19.686127051835722,17.254567830852128,18.88679647635669,13.121730762183061,15.794665535008239,84.74388765623584
2023-01-12 17:00:00,10.043782813089834,13.913952190885528,19.995703320149282,18.33127392796645,12.300498996511804,74.5852112486029
2023-01-12 18:00:00,13.04556978319249,11.747128676455812,16.50925532739298,10.135845026699362,10.475673165866745,61.913471979607394
2023-01-12 19:00:00,10.223909335977789,10.695041098988877,14.809350551553209,7.5134528447373015,7.880327826585754,51.122081657842934
2023-01-12 20:00:00,16.131968932237143,10.558081955442502,14.097234472235613,2.8146480457255203,17.047928730004728,60.649862135645506
2023-01-12 21:00:00,7.218321333599812,8.658879806983457,9.76669160027215,10.986182056974599,8.234265182485423,44.86433998031544
2023-01-12 22:00:00,11.186248383217919,5.394739954144047,5.801598242542449,6.405042493806971,2.9779059773263405,31.765535051037723
2023-01-12 23:00:00,1.1929047312310825,4.52353361074187,8.213104248674309,4.2653834496216625,4.325353306118338,22.520279346387262
2023-01-13 00:00:00,0.41730608890338067,0.0,2.379273221956565,0.0,0.0,2.7965793108599457
2023-01-13 01:00:00,0.0,4.728251108728479,6.936470682491259,3.4184084803564874,0.49755691260600354,15.580687184182228
2023-01-13 02:00:00,4.212551163593008,2.122264804071891,0.0,3.600641430584122,6.459212364604989,16.394669762854008
2023-01-13 03:00:00,7.154105097969313,8.837570186276956,11.667355587678808,8.059250781166245,5.303901820150357,41.02218347324168
2023-01-13 04:00:00,7.858171250913756,6.36156350897134,3.813848409061853,11.09592774682732,9.215482585425384,38.34499350119965
2023-01-13 05:00:00,15.154687892013591,10.641700872285218,13.690466497372656,7.661377804970022,10.527678421901332,57.67591148854282
2023-01-13 06:00:00,13.323150487592688,17.946900160508413,20.0,10.355283906468982,8.766946239345023,70.3922807939151
2023-01-13 07:00:00,18.837004797641658,8.349425746256655,12.319773973252147,16.86804628839902,9.786914018974507,66.16116482452398
2023-01-13 08:00:00,17.41971822531789,15.75979848847717,20.0,16.94696325757607,19.463487624997697,89.58996759636882
2023-01-13 09:00:00,17.170950700678734,20.0,20.0,16.066451708502413,16.36322094613665,89.6006233553178
2023-01-13 10:00:00,18.170946879231725,20.0,20.0,18.719009446246957,19.68562981440029,96.57558613987896
2023-01-13 11:00:00,17.51407921325056,16.813333113277274,20.0,20.0,19.498985911319107,93.82639823784694
2023-01-13 12:00:00,20.0,18.83372741984278,20.0,19.175239692681874,14.151648363703423,92.16061547622809
2023-01-13 13:00:00,20.0,16.042777338208545,16.658024330669615,20.0,20.0,92.70080166887816
2023-01-13 14:00:00,16.03015690394249,20.0,16.740081638985487,19.72832030477486,20.0,92.49855884770284
2023-01-13 15:00:00,14.961785920617938,14.71619267246668,18.04020991809158,20.0,18.026093002026546,85.74428151320274
2023-01-13 16:00:00,16.17505632293171,20.0,11.201982911602771,17.032267897271325,20.0,84.4093071318058
2023-01-13 17:00:00,12.37993987043087,12.727198521057655,12.458878440065583,17.584337516457747,16.21883723497739,71.36919158298925
2023-01-13 18:00:00,16.175332364246565,13.91092284498134,15.171197817427135,17.12714852212274,12.837587946683582,75.22218949546136
2023-01-13 19:00:00,12.621481294781201,8.746603812852447,7.5891347070658846,8.045045324592307,6.672830284258359,43.6750954235502
2023-01-13 20:00:00,9.95507812695977,12.390715310992046,12.081593130514916,11.838825130105889,14.984048453482478,61.2502601520551
2023-01-13 21:00:00,7.230305153943178,8.018309796819297,6.240566504474092,9.914929975558646,8.001385017305866,39.40549644810108
2023-01-13 22:00:00,11.05263185182343,3.929984763908883,1.8141848579287432,7.161387816272829,10.502477873566852,34.46066716350074
2023-01-13 23:00:00,6.012809380082988,0.1226889361467074,5.209255211144738,6.971888046899037,0.0,18.31664157427347
2023-01-14 00:00:00,1.086341097854116,2.6167659462828348,0.0,0.0,0.0,3.7031070441369507
2023-01-14 01:00:00,6.8653930706193105,3.8200065042899447,0.0,0.0,2.2367117840048643,12.922111358914119
2023-01-14 02:00:00,5.228088066961788,9.238972697351446,3.157818310523182,0.5227460491806184,0.8693804811409533,19.01700560515799
2023-01-14 03:00:00,5.378828017847937,9.717886210969734,7.8882011371868,11.256076539816856,8.868953422712309,43.10994532853364
2023-01-14 04:00:00,10.761729854108415,7.88607930325958,7.718336983520423,12.577142599643079,10.498536688375701,49.4418254289072
2023-01-14 05:00:00,11.024183393617383,15.729247716872461,7.504507836393726,11.974168909646314,13.276110987195866,59.50821884372575
2023-01-14 06:00:00,11.191381326223459,11.865820959091899,12.17055263611151,13.06094817206434,11.821354640679154,60.11005773417036
2023-01-14 07:00:00,19.815967023816704,10.029533125732081,16.056039175354062,20.0,17.124611378387304,83.02615070329014
2023-01-14 08:00:00,18.926971956961058,19.860741529627667,20.0,12.778174175403196,20.0,91.56588766199192
2023-01-14 09:00:00,18.205779704786984,18.339595940350467,17.409285456930508,14.829833959080139,14.513173182280596,83.29766824342869
2023-01-14 10:00:00,17.297079989940656,16.342441974956124,18.79562354259281,17.205173955825845,18.586678488319585,88.22699795163501
2023-01-14 11:00:00,17.026045854358486,20.0,15.711933536513216,20.0,20.0,92.7379793908717
2023-01-14 12:00:00,17.63253549976889,19.795477341708462,20.0,20.0,20.0,97.42801284147735
2023-01-14 13:00:00,20.0,20.0,20.0,19.23949354031415,15.971322433622767,95.21081597393692
2023-01-14 14:00:00,20.0,20.0,20.0,18.748582489299814,15.36365120952015,94.11223369881998
2023-01-14 15:00:00,20.0,18.775572853665654,20.0,19.42013098797505,20.0,98.1957038416407
2023-01-14 16:00:00,20.0,19.081459263382573,17.994271898394956,14.441279238662453,17.470504019791548,88.98751442023152
2023-01-14 17:00:00,15.812082533057191,19.065996305856984,15.159876778229716,17.72503633266933,13.281866980451003,81.04485893026423
2023-01-14 18:00:00,12.190298888348645,13.467104014044207,10.978564689506163,13.51964425356262,13.459850897774393,63.61546274323603
2023-01-14 19:00:00,13.277140078678782,12.353925095691022,15.509527392919184,10.769516471733791,15.359056002717008,67.26916504173978
2023-01-14 20:00:00,7.503586065031319,16.63240093265126,11.17481082552866,10.458758998842857,6.581578847752316,52.35113566980642
2023-01-14 21:00:00,13.074298823637575,8.623317415281543,4.071180438817861,7.210310698599189,4.020325180638304,36.99943255697447
2023-01-14 22:00:00,8.201789069977178,8.098307723582352,2.6879749296700033,2.727093643204386,3.7587271318619173,25.473892498295836
2023-01-14 23:00:00,0.0,4.656614018625888,3.919903709346744,0.0,3.79379241581894,12.370310143791572
2023-01-15 00:00:00,1.0499653997909462,0.0,0.0,2.54326899426435,0.0,3.5932343940552958
2023-01-15 01:00:00,5.669891060573071,6.5884786044048,2.081423292815959,1.372732425097604,3.635351118231134,19.347876501122567
2023-01-15 02:00:00,5.546333329198554,4.6970253404540045,2.361694191840301,2.8795686783690275,4.487191839841138,19.971813379703022
2023-01-15 03:00:00,13.11042921688229,11.817510372204428,6.030110348710973,4.456765202262293,5.169113779971765,40.58392892003175
2023-01-15 04:00:00,11.38290682278554,14.03487934882972,11.292777241471507,7.829750209104827,7.920918944783146,52.46123256697474
2023-01-15 05:00:00,11.742123610061299,17.088457564499087,15.372130988369994,12.871821550393644,10.165863640694779,67.24039735401881
2023-01-15 06:00:00,12.841061072413229,17.057872302015195,12.062847807216487,13.740002213257824,20.0,75.70178339490273
2023-01-15 07:00:00,13.49835695180894,19.85507446769069,14.64265957159536,15.824820769606855,20.0,83.82091176070185
2023-01-15 08:00:00,17.77176107845628,18.402085989633623,19.38105077020661,14.584214976454689,17.06837947987699,87.2074922946282
2023-01-15 09:00:00,19.985028606542713,18.1616452080023,16.67344148936199,19.876686140983438,20.0,94.69680144489044
2023-01-15 10:00:00,20.0,20.0,20.0,15.131269176273548,19.36583160542477,94.49710078169832
2023-01-15 11:00:00,19.296541902067997,19.17379597464564,20.0,15.425351942716123,17.32232675264554,91.2180165720753
2023-01-15 12:00:00,16.732022696009835,19.846272722413563,20.0,20.0,18.693753807835485,95.27204922625887
2023-01-15 13:00:00,17.990512141210836,20.0,18.373252936108656,18.472743903870924,19.722689804688372,94.55919878587879
2023-01-15 14:00:00,15.413625099325706,20.0,18.453347017288223,17.332359296026837,20.0,91.19933141264076
2023-01-15 15:00:00,18.507908225347247,19.702897148546317,15.86358820188773,14.485988460127102,20.0,88.56038203590839
2023-01-15 16:00:00,19.710595520155366,20.0,16.89272131142209,20.0,15.95525412872611,92.55857096030357
2023-01-15 17:00:00,14.927175767526457,17.25360804400163,16.482780998371634,14.344394229288572,12.432877247491916,75.44083628668021
2023-01-15 18:00:00,13.70830288202544,12.383026387390435,14.829448718014797,14.81711878496439,12.162390111820454,67.90028688421552
2023-01-15 19:00:00,11.767159480225061,14.455788123329329,7.686691088051567,12.739906926738291,15.679243093016428,62.32878871136067
2023-01-15 20:00:00,9.400023548251772,11.746892752426024,8.03764949496432,7.372398799064156,9.601104339120154,46.15806893382643
2023-01-15 21:00:00,4.721766842138555,9.637690266066425,6.359511248145032,9.51364300959732,12.476392091898258,42.70900345784559
2023-01-15 22:00:00,2.53702367096326,10.331482837799419,10.003886475586814,7.68381646432603,1.9858178305218872,32.54202727919741
2023-01-15 23:00:00,0.5667251049489272,3.154939879801791,2.00639483159983,6.066785706328526,2.6037262236419187,14.398571746320993
2023-01-16 00:00:00,0.0,0.8043493658824483,0.0,0.0,0.5049686775677183,1.3093180434501668
2023-01-16 01:00:00,5.714832117011061,4.635560890477726,0.0,2.642508063171933,0.7117250330336484,13.704626103694368
2023-01-16 02:00:00,6.632677485444505,1.1929234265793816,1.7438938984637389,3.3994365113484353,2.549079503165606,15.518010825001667
2023-01-16 03:00:00,7.831283430766631,11.53156539302666,5.71351849888209,6.766515131550429,9.564936055631081,41.40781850985689
2023-01-16 04:00:00,7.5614811065557195,13.027234404920547,11.951005387361288,10.512271769793113,10.457547297170073,53.50953996580075
2023-01-16 05:00:00,11.572586501945308,12.297130546101243,16.607441875986787,12.082253076803024,15.944273588223698,68.50368558906005
2023-01-16 06:00:00,13.115238673816272,14.328835133564434,13.448939149657843,9.299326146388282,17.768124492139275,67.96046359556611
2023-01-16 07:00:00,10.267674676106044,20.0,14.551133608164305,13.09742271953084,13.433907043756872,71.35013804755806
2023-01-16 08:00:00,17.00474259736917,16.770779228280656,15.380400600567988,16.88714392281288,15.813554813624668,81.85662116265536
2023-01-16 09:00:00,18.915620994022035,15.499983938014093,15.216584621738448,16.47148405593838,16.027430118607985,82.13110372832094
2023-01-16 10:00:00,20.0,15.642142157357586,19.171460595037647,20.0,19.099451783768732,93.91305453616395
2023-01-16 11:00:00,13.735812924259104,20.0,16.450105659616288,20.0,20.0,90.18591858387539
2023-01-16 12:00:00,20.0,19.256613853836544,16.20389657938273,20.0,19.814368507976223,95.2748789411955
2023-01-16 13:00:00,17.81811400926363,20.0,20.0,20.0,20.0,97.81811400926364
2023-01-16 14:00:00,19.0946706377973,20.0,20.0,19.691086169678844,19.359839533500388,98.14559634097654
2023-01-16 15:00:00,14.375584457546173,19.45789475505568,20.0,15.284814613031868,20.0,89.11829382563371
2023-01-16 16:00:00,20.0,19.24918613204119,18.458001217066194,15.436651991165727,20.0,93.14383934027312
2023-01-16 17:00:00,16.410900332301395,17.378517395471892,13.668883703698604,18.29759976177568,18.98151047406793,84.7374116673155
2023-01-16 18:00:00,10.751911348008651,13.556589019894362,17.91147057853392,16.80370253340977,15.993317913734511,75.01699139358121
2023-01-16 19:00:00,10.865697876649659,11.364310109508997,9.956987130097326,19.281370475145025,11.774072101978664,63.24243769337967
2023-01-16 20:00:00,5.4249845264966465,12.213525297962473,8.870933972036632,11.464601173528466,7.265718290742339,45.23976326076656
2023-01-16 21:00:00,7.600077283174606,12.27542487993104,7.188678404170887,7.834415033910094,9.520756238427147,44.419351839613775
2023-01-16 22:00:00,3.7330727710103657,0.6448365469903852,2.399706737463909,7.488228205034556,2.185634015117186,16.451478275616402
2023-01-16 23:00:00,8.226744583964761,5.357986902711916,0.7385079861479094,1.6621964149361552,2.111991937654106,18.097427825414847
2023-01-17 00:00:00,0.5573442285108005,0.0,0.0,0.0,0.8717345455098356,1.429078774020636
2023-01-17 01:00:00,5.019854588535323,2.40838694003525,3.7600685187392,0.9136327793151844,6.341354607318221,18.44329743394318
2023-01-17 02:00:00,8.08560385429345,3.3349066494299593,8.015426486461008,3.899606226142464,8.99969346654238,32.33523668286926
2023-01-17 03:00:00,10.06384909558624,6.8756501490190844,1.414832255203538,7.813569405485063,8.645587583775677,34.813488489069606
2023-01-17 04:00:00,9.48953498612593,11.886592284985884,5.923192125738236,9.857043540806126,11.583264733057042,48.73962767071322
2023-01-17 05:00:00,11.438431954931808,17.724365874323468,8.302102674734396,8.95737998454695,9.0956202355902,55.51790072412682
2023-01-17 06:00:00,13.646622929634107,14.19283269829535,12.403670425014836,12.333523007329495,13.473299341978468,66.04994840225226
2023-01-17 07:00:00,14.713637853459499,16.811676638613633,14.83223156325024,17.238550980799197,15.836371371064317,79.43246840718689
2023-01-17 08:00:00,12.471114712457158,13.466236136670659,16.525872564754927,18.5062407792552,19.519419090795044,80.48888328393299
2023-01-17 09:00:00,16.234285694365422,15.28673411651163,18.423310189873284,13.975417011347874,17.65188210089156,81.57162911298977
2023-01-17 10:00:00,20.0,18.721011003486133,20.0,15.095070132628631,15.822277061579216,89.63835819769398
2023-01-17 11:00:00,18.87350197606568,19.018243690290888,18.422120837303567,18.646898164112695,19.886944972546413,94.84770964031925
2023-01-17 12:00:00,20.0,20.0,20.0,20.0,18.095008463195843,98.09500846319584
2023-01-17 13:00:00,18.51623254539479,20.0,13.95963086846635,20.0,20.0,92.47586341386113
2023-01-17 14:00:00,18.106682674771267,20.0,15.424116812926773,12.523830744624224,20.0,86.05463023232225
2023-01-17 15:00:00,19.577671371294095,15.865329117757714,20.0,20.0,20.0,95.44300048905181
2023-01-17 16:00:00,18.945934490373205,19.683137376959806,16.01339584167758,17.976420840028233,18.393299823367837,91.01218837240665
2023-01-17 17:00:00,14.142324961865226,16.57823318394565,20.0,18.614240173974054,16.767316765677215,86.10211508546215
2023-01-17 18:00:00,12.218942707830784,12.828662912703583,19.054565666551362,11.439796928523725,17.417601199729525,72.95956941533899
2023-01-17 19:00:00,10.050784925498691,7.671921510105906,19.56302816251184,9.860248114579985,16.707990056716337,63.85397276941276
2023-01-17 20:00:00,12.722367816010664,11.029837359951987,15.203340192990552,14.479442807559916,4.287624660515461,57.72261283702858
2023-01-17 21:00:00,8.961830253273153,12.055616535505532,11.530065950964433,11.1426822319928,10.591464228453086,54.281659200189004
2023-01-17 22:00:00,2.518450475006325,8.233994427102367,8.265282095275591,3.577456097895157,6.415889144560025,29.011072239839468
2023-01-17 23:00:00,6.804694249564108,0.0,1.1241868376810031,0.0,0.600528782155096,8.529409869400208
2023-01-18 00:00:00,0.30018708362504376,0.0,2.9588354923278675,0.0,2.2694709532809707,5.528493529233882
2023-01-18 01:00:00,4.830421049472928,2.5111457845671428,3.412016096401938,1.9041690066325518,2.9371173935668318,15.594869330641393
2023-01-18 02:00:00,3.092138414868838,7.46401996617849,0.0,6.029147271342874,4.799500660016167,21.38480631240637
2023-01-18 03:00:00,4.578628984477124,10.544534743536605,4.131001721773993,5.738276516757226,8.532165176312503,33.52460714285745
2023-01-18 04:00:00,9.31277877881828,11.04354865224192,14.059267601360267,11.092747958225058,10.179181965411981,55.687524956057516
2023-01-18 05:00:00,10.119071359296417,10.781665110294059,6.82456415851388,12.304400230743905,16.97613854864135,57.00583940748961
2023-01-18 06:00:00,13.14004012375534,18.016706327466625,12.837802137644276,13.445001703938166,14.298365409001311,71.73791570180572
2023-01-18 07:00:00,18.376532603012034,10.355217488576642,15.581666027959642,19.823549413755746,14.652290000934395,78.78925553423846
2023-01-18 08:00:00,18.695492911828364,15.170616419645928,20.0,17.506939586154193,18.450615168462353,89.82366408609083
2023-01-18 09:00:00,20.0,18.642673730421503,18.554707140936962,19.118386642963124,15.207481813842957,91.52324932816455
2023-01-18 10:00:00,17.544674564458052,7.989225310217606,13.82875222558602,18.922390903420798,18.55136037547384,76.83640337915631
2023-01-18 11:00:00,16.601988605447637,18.674340570688404,20.0,19.86681098818466,18.411477928737696,93.5546180930584
2023-01-18 12:00:00,17.93996158461382,19.674117518396493,20.0,20.0,20.0,97.61407910301031
2023-01-18 13:00:00,18.205180354433114,20.0,19.865223310036498,13.696693242112975,15.916628861272802,87.68372576785538
2023-01-18 14:00:00,20.0,19.92926496690503,15.1521359561428,18.14329872983625,13.24265201662027,86.46735166950435
2023-01-18 15:00:00,15.489835125050826,15.660546477139437,20.0,15.684864899987849,15.303888333610459,82.13913483578857
2023-01-18 16:00:00,15.999926683826319,9.937355021551822,16.892758287418285,13.928813868121205,12.65566854886456,69.4145224097822
2023-01-18 17:00:00,14.253192598696177,18.237671240742696,15.798136707903904,18.34802168843246,17.142718355883453,83.77974059165871
2023-01-18 18:00:00,9.441081225592743,10.524231888813425,17.98841909034714,15.856829637386994,8.844265100689126,62.65482694282943
2023-01-18 19:00:00,14.508358921950602,12.740316777494744,2.075525352413216,5.790969064824015,11.849348220502238,46.96451833718481
2023-01-18 20:00:00,10.121767231326492,9.551474597958588,10.170834818226822,9.05574185961196,4.7380027170864185,43.637821224210285
2023-01-18 21:00:00,7.304177907545647,6.546774819967462,11.443223659106398,5.086986810982318,9.114524376907754,39.495687574509574
2023-01-18 22:00:00,7.107624822941599,5.225910637815471,6.684228695574568,5.1763400109915105,7.410944873012262,31.60504904033541
2023-01-18 23:00:00,0.0,4.975595192478792,4.113046916704361,1.4901331411060217,0.0,10.578775250289175
2023-01-19 00:00:00,0.6854598388785158,0.0,2.9161956587328217,0.0,0.0,3.6016554976113375
2023-01-19 01:00:00,3.0848488828518463,0.0,3.4930482729627137,0.0,5.368119937135532,11.946017092950092
2023-01-19 02:00:00,5.472018311722702,13.36893351179809,3.8708807105748138,9.548421685407988,6.8933889971531155,39.15364321665671
2023-01-19 03:00:00,7.920234807400484,6.085923095108461,9.359819054544962,6.6035804261142115,7.67483731455098,37.6443946977191
2023-01-19 04:00:00,6.454296824091404,9.865463372156842,5.647727074031875,7.928015913941492,9.770052001865396,39.665555186087005
2023-01-19 05:00:00,13.444899485647099,14.342187834877148,11.458466950879346,17.777699359266734,10.516739436657309,67.53999306732763
2023-01-19 06:00:00,10.847243439841506,9.344307411091853,12.81800357514105,17.080428927525098,13.841492973765996,63.9314763273655
2023-01-19 07:00:00,18.40699218936648,15.781173539329773,19.564154713773043,16.24191322628532,14.459384192323816,84.45361786107843
2023-01-19 08:00:00,10.761795879391984,16.028956629757463,20.0,15.987416875922811,16.37895876646377,79.15712815153603
2023-01-19 09:00:00,13.666162659523192,20.0,20.0,14.631983607171279,18.547624227547306,86.84577049424178
2023-01-19 10:00:00,17.69919285040837,20.0,20.0,18.651870158964346,20.0,96.35106300937271
2023-01-19 11:00:00,20.0,20.0,15.629764525698633,17.23143789036149,20.0,92.86120241606012
2023-01-19 12:00:00,20.0,15.862091459317377,20.0,19.505387200420735,17.221514882795518,92.58899354253363
2023-01-19 13:00:00,20.0,20.0,20.0,20.0,17.201233071692442,97.20123307169244
2023-01-19 14:00:00,19.993707978878792,20.0,20.0,17.185591244272054,20.0,97.17929922315085
2023-01-19 15:00:00,20.0,20.0,18.109535022826158,20.0,17.364627703497455,95.47416272632361
2023-01-19 16:00:00,19.65238498876567,11.921503585118481,18.855089547781247,19.8340496309472,18.91745227321557,89.18048002582817
2023-01-19 17:00:00,12.397548373366606,10.541630770461797,17.731632478389322,13.012996101962612,17.673702820824712,71.35751054500506
2023-01-19 18:00:00,15.480245902217701,20.0,9.202169621941078,17.79943473951653,11.681170419718807,74.16302068339412
2023-01-19 19:00:00,14.875308328551839,12.892752583074339,9.11968356430759,8.824925557486472,12.593176012634537,58.30584604605478
2023-01-19 20:00:00,8.057330740708414,14.719818501742328,12.724149247363664,11.878623186738045,8.919006942599275,56.298928619151724
2023-01-19 21:00:00,5.617482530692631,5.464956259062979,6.843515916212591,10.101069636158716,8.956662205284132,36.983686547411054
2023-01-19 22:00:00,7.654381097279665,8.94492636697997,2.174173292933167,5.854556879982481,7.116237292465092,31.744274929640376
2023-01-19 23:00:00,4.162292532590866,1.1864838118271368,0.0,3.9553363091530818,6.240974769275603,15.545087422846688
2023-01-20 00:00:00,0.0,0.0,0.0,0.12895445097558045,1.3001316866736772,1.4290861376492576
2023-01-20 01:00:00,0.827926719597988,4.101619303715243,4.117911759974286,2.3286308269079865,6.76938291749808,18.145471527693584
2023-01-20 02:00:00,3.827130444653015,2.857354450065577,0.0,0.0829237215171732,2.4244561413006416,9.191864757536408
2023-01-20 03:00:00,8.309685386346494,5.257708717859803,12.498478251418417,7.469618574619606,7.642444671109502,41.17793560135382
2023-01-20 04:00:00,5.145148334497591,8.66654284933026,12.88290828714183,8.94325127589035,10.26249982772717,45.9003505745872
2023-01-20 05:00:00,16.97596357804747,10.861211438709393,13.174551871655659,13.159685985768489,13.693007026878407,67.86441990105942
2023-01-20 06:00:00,9.484915596806438,11.947106442431583,19.513669151205143,15.555668719043949,18.7266642977375,75.22802420722462
2023-01-20 07:00:00,18.229024818451606,15.861316957364716,11.126409615860702,16.980615318066096,20.0,82.19736670974312
2023-01-20 08:00:00,19.92577506234153,15.930440690569894,19.455145908108083,18.123441691544944,16.045207247426198,89.48001059999064
2023-01-20 09:00:00,17.979160291213187,15.925003122227004,18.654341838241567,15.836960563967802,15.846335592311567,84.24180140796112
2023-01-20 10:00:00,20.0,20.0,20.0,17.169262326241906,20.0,97.1692623262419
2023-01-20 11:00:00,19.877939889721702,20.0,19.08571349177723,18.37914902998469,18.088451613346074,95.43125402482968
2023-01-20 12:00:00,19.940882661039367,20.0,17.16656988955069,20.0,16.793904344139,93.90135689472905
2023-01-20 13:00:00,18.00220037063998,18.478639583101657,19.039266905579915,20.0,20.0,95.52010685932154
2023-01-20 14:00:00,18.02860441870163,20.0,20.0,16.91277038397879,20.0,94.94137480268043
2023-01-20 15:00:00,15.223366138739147,18.5024337837679,20.0,15.25797221169746,20.0,88.9837721342045
2023-01-20 16:00:00,19.52711394868457,20.0,20.0,16.281007256404205,13.821586668869218,89.629707873958
2023-01-20 17:00:00,14.294978291781486,13.223607248447426,16.42099045948822,11.702899486487066,16.553166566985496,72.1956420531897
2023-01-20 18:00:00,11.46427784457703,16.24176638245425,7.182721578108391,12.52897375023088,12.4572753301401,59.87501488551065
2023-01-20 19:00:00,3.914295346271306,14.173434945391739,12.983027824014783,12.175460650952845,16.317936083336697,59.564154849967366
2023-01-20 20:00:00,14.890120228514181,15.68145381905014,9.458414435246684,13.882009550768132,12.519304507115436,66.43130254069457
2023-01-20 21:00:00,6.481337828085788,7.352478752104076,2.1333904909464083,7.605653206781178,2.6968168477193473,26.269677125636797
2023-01-20 22:00:00,0.0,6.847753679102025,7.52810850709896,5.575368048581554,0.7760116030106063,20.727241837793144
2023-01-20 23:00:00,2.7084961596580177,0.0,6.466664305802,0.0,2.343496937896379,11.518657403356396
2023-01-21 00:00:00,1.9897399399735036,4.079238125718101,0.0,0.8006715253825685,3.0420499345863132,9.911699525660486
2023-01-21 01:00:00,0.0,1.655770300477774,7.202546035082229,0.0,4.6845904667395075,13.54290680229951
2023-01-21 02:00:00,2.824265973785769,3.3163571992811933,5.0296472049766985,5.6323423165953015,4.964470376094938,21.7670830707339
2023-01-21 03:00:00,9.726830073056243,10.253279831770975,6.347044514787116,8.812549783289228,5.31966934414165,40.45937354704521
2023-01-21 04:00:00,11.568592884014173,8.14089444079222,12.53968660379125,4.888952096438977,6.915853214741008,44.053979239777625
2023-01-21 05:00:00,12.162769701165745,14.730393277860868,12.728303104333481,8.095642715864336,8.109270152351897,55.826378951576324
2023-01-21 06:00:00,11.624847597645168,17.60666013027069,15.948461032443312,11.045274460492173,13.816070073643324,70.04131329449467
2023-01-21 07:00:00,8.018223414342819,16.40155376741478,17.832568002163093,13.256113732995956,12.34585512989807,67.85431404681472
2023-01-21 08:00:00,17.00352546748648,19.466257409775878,17.38520420315509,12.609355851231221,19.635586532245743,86.09992946389441
2023-01-21 09:00:00,14.81518208156528,18.937397879435686,16.962731654927317,17.1049826135783,17.40196149842178,85.22225572792837
2023-01-21 10:00:00,20.0,20.0,19.27153071248177,20.0,18.994851807876614,98.26638252035838
2023-01-21 11:00:00,20.0,20.0,19.76665602966456,20.0,18.70387942975681,98.47053545942137
2023-01-21 12:00:00,20.0,19.07861285685643,15.960754325996234,20.0,19.313086470136263,94.35245365298891
2023-01-21 13:00:00,20.0,16.134589936904586,20.0,15.068770892681005,20.0,91.20336082958559
2023-01-21 14:00:00,16.9776066804007,13.390786092588499,20.0,20.0,20.0,90.3683927729892
2023-01-21 15:00:00,20.0,18.20343883739651,20.0,16.835134125829452,20.0,95.03857296322596
2023-01-21 16:00:00,15.85167224410954,20.0,16.779889183011722,12.242908660558912,19.739099383211855,84.61356947089202
2023-01-21 17:00:00,14.238071995504907,19.051183403358696,19.45211442629872,13.127128975878355,14.450871240210674,80.31937004125135
2023-01-21 18:00:00,14.907447074671039,17.83633319002295,14.344314943624191,15.10397216016978,16.394897242722372,78.58696461121033
2023-01-21 19:00:00,10.274430899583722,15.667406667877733,16.36476437087677,14.010107495556603,15.805871239667692,72.12258067356252
2023-01-21 20:00:00,11.938393278833336,12.395142275843618,10.414760654194703,12.294699763288666,12.799132261905555,59.84212823406588
2023-01-21 21:00:00,8.033073992256975,3.62677823042267,7.471347859263341,6.259669679721966,9.40469802923068,34.79556779089563
2023-01-21 22:00:00,4.1861845361860395,4.239472413737802,7.90186226037784,3.0229124796923634,5.101276183178426,24.451707873172467
2023-01-21 23:00:00,3.4001914809942138,6.934562117692803,4.870082730058325,6.3829427625666995,7.784375173693309,29.37215426500535
2023-01-22 00:00:00,4.436533495833238,0.0,0.0,3.8327747957316953,0.0,8.269308291564933
2023-01-22 01:00:00,4.44203760875464,8.475374265208941,0.0,6.179999691586415,4.705572512693369,23.802984078243366
2023-01-22 02:00:00,10.016303544581248,7.322627729993999,7.919010330968563,6.3805538429196,7.3303463981973085,38.96884184666072
2023-01-22 03:00:00,10.542991063419434,4.986169115416455,8.262720110752614,8.595167309795201,11.353848624206396,43.7408962235901
2023-01-22 04:00:00,12.228758500075848,7.628604766321136,7.922034051752889,6.035538437963111,12.883317308833266,46.69825306494624
2023-01-22 05:00:00,11.67724580819193,11.28585868001221,9.616376622458905,16.492996805811508,11.448002413997456,60.520480330472004
2023-01-22 06:00:00,11.062610613207518,14.625012187646812,11.038380722308244,13.15652852651749,14.385974203246487,64.26850625292656
2023-01-22 07:00:00,19.858464732140323,14.55455684849892,18.617540168041923,17.631478481203914,20.0,90.66204022988508
2023-01-22 08:00:00,18.6406261198316,19.629997259042412,20.0,20.0,19.83672992114407,98.10735330001808
2023-01-22 09:00:00,20.0,16.0941092874094,18.393821507943,18.405060264156546,20.0,92.89299105950894
2023-01-22 10:00:00,19.508283776327993,17.58747334389363,20.0,18.120050516470634,20.0,95.21580763669226
2023-01-22 11:00:00,18.43291721980748,18.363885914199415,20.0,20.0,19.80309452541035,96.59989765941725
2023-01-22 12:00:00,18.596930787232164,20.0,19.140839711693975,19.87365204289377,17.706560943507597,95.3179834853275
2023-01-22 13:00:00,20.0,16.09961066473664,13.422488271689783,20.0,18.01950471158525,87.54160364801169
2023-01-22 14:00:00,20.0,18.234025945993096,20.0,20.0,15.368856019222893,93.60288196521599
2023-01-22 15:00:00,20.0,18.35910901910594,16.457509476465813,6.890848108191941,17.513780937634326,79.22124754139803
2023-01-22 16:00:00,15.21843189455292,18.018585814010333,20.0,11.36443736567298,20.0,84.60145507423623
2023-01-22 17:00:00,16.23853943394499,13.736371330544458,16.89886323328987,19.98627860964118,13.687530871593761,80.54758347901426
2023-01-22 18:00:00,15.666984326907354,15.461371418040006,15.525203932322963,13.907750029255308,17.12164419458923,77.68295390111487
2023-01-22 19:00:00,10.97718501142695,10.885958462108203,10.701817741895018,14.611531507839995,13.18909651218354,60.36558923545371
2023-01-22 20:00:00,7.878370531999499,7.067854736660319,13.78519878234846,13.68151707024256,11.194810519873394,53.60775164112423
2023-01-22 21:00:00,6.874611226563326,4.5369474903116025,12.835474478184048,8.848803558829877,10.943437846603254,44.03927460049211
2023-01-22 22:00:00,2.763610258897943,4.424096649143092,0.0,6.762983936102053,1.6683639563035095,15.619054800446598
2023-01-22 23:00:00,2.2225219364427193,1.6026651367825435,6.538144632317547,4.509346181452985,1.8849568513837491,16.757634738379544
2023-01-23 00:00:00,3.004789837654281,1.709031961999462,2.8642952199459177,0.2548113858715999,4.000958027517487,11.833886432988749
2023-01-23 01:00:00,6.78011604624027,2.1070620878888975,0.0,0.0,6.320401166342261,15.207579300471428
2023-01-23 02:00:00,5.924006013467163,5.955912051913567,1.867623941279212,4.29880770138076,5.622139157081914,23.668488865122615
2023-01-23 03:00:00,6.751275130978232,12.048119915005323,5.975611366082047,10.728079094176195,6.135096552140322,41.638182058382114
2023-01-23 04:00:00,12.525856674142752,9.182726826570153,8.542189985946413,7.874430235211687,8.83771963155917,46.96292335343017
2023-01-23 05:00:00,18.44380562397162,10.160124625184302,17.318015580132293,15.247146656158339,14.96545129445719,76.13454377990374
2023-01-23 06:00:00,13.957559274524812,13.264170054537763,19.091495165670562,11.67586251901762,8.904113273882867,66.89320028763362
2023-01-23 07:00:00,20.0,15.216076190089078,15.819053048953862,14.672172415883724,14.669293130504512,80.37659478543118
2023-01-23 08:00:00,14.64650357661773,20.0,20.0,18.048341421801386,18.805993833126863,91.50083883154598
2023-01-23 09:00:00,19.25609403961457,20.0,20.0,18.023578555673705,17.067667244763943,94.34733984005221
2023-01-23 10:00:00,20.0,17.30749640340003,20.0,20.0,18.752322320963426,96.05981872436345
2023-01-23 11:00:00,20.0,20.0,19.403368804285986,20.0,20.0,99.40336880428599
2023-01-23 12:00:00,20.0,17.33141078113334,20.0,20.0,19.065203495926994,96.39661427706034
2023-01-23 13:00:00,20.0,20.0,20.0,20.0,20.0,100.0
2023-01-23 14:00:00,15.970376127951692,17.158890082894565,17.567766184364093,6.778442465248563,20.0,77.4754748604589
2023-01-23 15:00:00,20.0,17.979741138778166,18.46853961850786,20.0,17.19685513476923,93.64513589205527
2023-01-23 16:00:00,17.00239061832815,14.344810378410912,17.121818700901905,20.0,20.0,88.46901969764096
2023-01-23 17:00:00,18.54867069527095,15.47076525047239,16.193883514358284,17.097389255995253,20.0,87.31070871609688
2023-01-23 18:00:00,16.038066267522446,14.611652288097341,13.300825183890622,9.509804404510415,11.730671233952467,65.19101937797329
2023-01-23 19:00:00,10.74502289354797,14.575770694432826,20.0,11.1464579847866,16.8393068580713,73.30655843083869
2023-01-23 20:00:00,10.281574486289962,11.199210159789986,10.682666015259837,6.875611215271901,14.783125867993041,53.822187744604726
2023-01-23 21:00:00,6.759822066697355,5.407364079052687,8.272553712890595,6.1008759452232955,3.230159599873925,29.770775403737854
2023-01-23 22:00:00,1.7037736886050765,5.193437468031,4.320728247753124,3.002946507969956,1.1173978649388197,15.338283777297976
2023-01-23 23:00:00,0.0,1.4153106165507219,4.94529420578929,2.9993353298045555,6.7211199273595525,16.08106007950412
2023-01-24 00:00:00,0.0,1.953878773641211,0.0,2.0418400498860176,1.4773465892360935,5.473065412763322
2023-01-24 01:00:00,0.235573854548357,3.6242926780590703,6.730590791331728,2.2747794951614613,2.5545977509356836,15.4198345700363
2023-01-24 02:00:00,7.5706873608798615,6.2237763297647,2.0751319094542158,4.90664422462385,5.0907476316509,25.86698745637353
2023-01-24 03:00:00,6.223736738496164,7.767710090985531,5.620900238138509,9.98354896404775,15.60821195749045,45.2041079891584
2023-01-24 04:00:00,11.318944910042505,10.950883439350537,8.11393916290344,11.62261878644459,9.925278633950047,51.93166493269112
2023-01-24 05:00:00,11.418506432133828,9.720929391749383,14.518298386033742,9.955121718190334,10.09515125002443,55.708007178131716
2023-01-24 06:00:00,16.965385241103824,15.199301737973258,12.066216574105193,7.7716775941744425,13.747003149204017,65.74958429656073
2023-01-24 07:00:00,16.90721417354662,17.568057941444852,16.689170086923298,10.05970212790001,14.623141810845322,75.8472861406601
2023-01-24 08:00:00,18.31406228657839,20.0,20.0,13.29456702110354,11.014832959975793,82.62346226765771
2023-01-24 09:00:00,20.0,19.43661692941471,20.0,20.0,20.0,99.43661692941471
2023-01-24 10:00:00,17.992367148122216,15.71178165615444,14.988728810105702,20.0,16.581624229399573,85.27450184378193
2023-01-24 11:00:00,18.333729772762172,20.0,19.064515955669858,19.795847433822352,17.08089246019437,94.27498562244875
2023-01-24 12:00:00,19.518534015141558,19.885817563197964,18.8551693981444,20.0,17.7546334558503,96.01415443233422
2023-01-24 13:00:00,18.620086185315486,17.58483946100864,20.0,20.0,16.003899905490726,92.20882555181485
2023-01-24 14:00:00,20.0,17.94939382745349,20.0,20.0,19.291892533582292,97.24128636103578
2023-01-24 15:00:00,12.847185727025087,16.5056935749432,16.8016570657025,13.75084069302288,15.28398363593166,75.18936069662533
2023-01-24 16:00:00,20.0,19.642809111810525,20.0,13.837135306680691,15.103824438105553,88.58376885659676
2023-01-24 17:00:00,17.130418448058272,13.91339674261475,17.714745336881002,17.90973309164932,20.0,86.66829361920334
2023-01-24 18:00:00,14.294641769302167,10.59752205673805,9.752373421990786,10.275487216363713,14.956661639598623,59.876686103993336
2023-01-24 19:00:00,10.117848783642998,12.728567715138277,14.577672112412841,11.251558867797407,8.310049998766583,56.98569747775811
2023-01-24 20:00:00,15.813018281793855,5.704470184037418,11.41854276733894,8.978794554999496,14.633640195001147,56.54846598317086
2023-01-24 21:00:00,6.636090278552637,9.595861745152657,3.487490875851779,7.051154318310459,6.0617450317463,32.83234224961383
2023-01-24 22:00:00,0.6486293737607411,7.888008550578849,3.137916938280836,3.2908280692412966,11.736077042311026,26.70145997417275
2023-01-24 23:00:00,3.9187398270233356,0.0,4.055017937161968,6.285347871872711,0.0,14.259105636058013
2023-01-25 00:00:00,0.0,0.658777741007434,5.089973890262407,1.0363827795411558,0.0,6.785134410810997
2023-01-25 01:00:00,0.0,1.8650966361355827,0.08700508862164114,0.4028752507271811,3.9712068642854668,6.326183839769872
2023-01-25 02:00:00,5.673923964727501,4.526487067794188,1.6073877055240282,2.259043117388282,6.7942596653253435,20.86110152075934
2023-01-25 03:00:00,9.106235096427309,6.696476240723887,7.7348436070280995,7.211391665025822,9.709726531820717,40.458673141025834
2023-01-25 04:00:00,9.749510006552056,4.1856972800253684,15.569578697145634,13.23545749288178,13.727279472340708,56.46752294894554
2023-01-25 05:00:00,14.585212099667487,9.436270801558532,1.6394594943503424,10.487772775583498,6.828682694864205,42.97739786602407
2023-01-25 06:00:00,11.492472389289237,12.141373013563383,14.93801268042712,12.537027129954726,9.03582483907685,60.144710052311325
2023-01-25 07:00:00,11.545378593877318,15.271205414670154,15.941121257636768,15.914470689960336,15.056919382065036,73.7290953382096
2023-01-25 08:00:00,17.16082182709276,9.631721578068394,15.046604368785815,13.96645758663543,17.211083846021303,73.0166892066037
2023-01-25 09:00:00,20.0,20.0,20.0,20.0,20.0,100.0
2023-01-25 10:00:00,20.0,20.0,18.79987711195076,20.0,16.57831536799919,95.37819247994994
2023-01-25 11:00:00,15.572827245290945,20.0,19.6674610596726,19.360178600314335,19.155482143229612,93.75594904850749
2023-01-25 12:00:00,20.0,18.535424798325415,20.0,20.0,18.36487346571254,96.90029826403796
2023-01-25 13:00:00,17.814235932931354,20.0,20.0,18.214830392243822,18.0208247877312,94.04989111290638
2023-01-25 14:00:00,16.096042793527346,20.0,17.536846153095706,19.6256575682473,19.233145633837726,92.49169214870807
2023-01-25 15:00:00,20.0,11.339117594310174,20.0,20.0,17.334826514187398,88.67394410849758
2023-01-25 16:00:00,18.456059593581607,17.71972995578206,10.875604902575157,16.184317971798666,19.490023711595722,82.72573613533322
2023-01-25 17:00:00,17.491492835207758,13.780423016078954,16.348743732447208,18.74527442674539,15.007501718265841,81.37343572874516
2023-01-25 18:00:00,13.907556953680611,13.025768096108624,12.624401000644673,14.249857481944892,15.178618435804959,68.98620196818376
2023-01-25 19:00:00,13.968931387756449,9.296825608565232,12.329108187619362,13.760830088256387,10.741506401907504,60.09720167410492
2023-01-25 20:00:00,12.466237002091042,14.742787428183416,7.071518374976112,6.31920204708749,11.744421619168595,52.344166471506654
2023-01-25 21:00:00,5.940317491397178,6.212761762094686,8.7878891245344,8.429598196977787,7.368236887570012,36.73880346257406
2023-01-25 22:00:00,5.701680474756772,0.9797888142440581,6.155354081194437,10.545577650510769,7.456533750825572,30.838934771531605
2023-01-25 23:00:00,2.839410850781276,5.058039692918626,2.600455228795133,1.4224367993952838,2.887447431090339,14.807790002980656
2023-01-26 00:00:00,3.340510388920328,0.0,2.113229413578194,0.0,0.0,5.4537398024985215
2023-01-26 01:00:00,2.3325790770163635,3.942389243221186,0.0,0.45627376609933723,4.6128811580699285,11.344123244406816
2023-01-26 02:00:00,6.130140349491301,11.652567625279083,4.149759907182361,7.460388102495645,2.9879338641598685,32.38078984860826
2023-01-26 03:00:00,9.479393991004265,11.826648115043746,4.175717578328252,5.272384290872033,9.387722327555302,40.1418663028036
2023-01-26 04:00:00,7.436797602542146,8.667378401274922,8.769834901808991,7.907106516063845,14.141258621885742,46.92237604357564
2023-01-26 05:00:00,12.528531238382312,12.508777532894841,8.300635240256867,8.89759898028254,11.666349856123343,53.901892847939905
2023-01-26 06:00:00,10.578998461923995,13.297027646205283,10.58249638623951,13.007770209580858,13.571918105498842,61.038210809448486
2023-01-26 07:00:00,18.032791795418568,14.158242989463789,13.206577922330695,15.929253133009531,16.422970606701668,77.74983644692425
2023-01-26 08:00:00,18.179322849639803,15.39404360942851,14.852251406891405,20.0,17.0373542780156,85.4629721439753
2023-01-26 09:00:00,19.337712896458342,19.402934862195355,18.325707036368875,16.368705216373215,20.0,93.43506001139579
2023-01-26 10:00:00,17.67358309611674,19.120044560924416,20.0,19.039263799270124,16.58877259118983,92.42166404750111
2023-01-26 11:00:00,17.55435374365716,20.0,19.872280360525423,20.0,20.0,97.42663410418258
2023-01-26 12:00:00,17.964777089812433,19.98523854624773,18.820775517298234,20.0,18.150604089804485,94.92139524316288
2023-01-26 13:00:00,19.860150590379156,20.0,16.30838486953784,20.0,18.142191020626516,94.31072648054351
2023-01-26 14:00:00,20.0,19.57497474309661,20.0,19.404631876075854,20.0,98.97960661917247
2023-01-26 15:00:00,19.44290043675906,20.0,20.0,17.15966809213904,13.310550326738808,89.91311885563691
2023-01-26 16:00:00,20.0,11.320090681738813,16.80667879382343,12.929308210717949,20.0,81.05607768628019
2023-01-26 17:00:00,13.699140417932744,15.038988601265435,17.235398296331027,16.097845117253776,15.782777927426077,77.85415036020906
2023-01-26 18:00:00,17.599560327206262,16.949229649365,14.30082599145818,18.55147209254073,13.472211466812277,80.87329952738246
2023-01-26 19:00:00,6.671476037765897,17.71982350837519,5.7291196771756905,9.987567891182703,11.411165343517965,51.519152458017444
2023-01-26 20:00:00,13.414129048670224,13.856436395089883,10.251175794433571,6.499802971718035,5.123866315701116,49.145410525612824
2023-01-26 21:00:00,10.904828051736432,6.2991718601553215,8.63643224722465,7.447860662205997,10.91727717074342,44.20556999206582
2023-01-26 22:00:00,5.745535359878867,11.917408908967179,2.844527795958379,5.017180233527789,9.731054428812254,35.25570672714447
2023-01-26 23:00:00,5.623958085522081,7.177810957176716,2.1396676160855255,0.0,0.0,14.941436658784323
2023-01-27 00:00:00,2.0196241006593154,0.0,0.0,0.0,0.9904673933723713,3.0100914940316867
2023-01-27 01:00:00,1.4938259721193679,2.752710154340199,0.33733657418334007,6.998116877451037,1.4596568620424542,13.041646440136397
2023-01-27 02:00:00,2.9895815268896326,3.447589951102696,8.01069499716558,3.11401249938202,5.4029763802358035,22.964855354775732
2023-01-27 03:00:00,4.51526127425131,5.579562456790857,6.705312618131305,8.146289744617043,4.544576694778648,29.491002788569162
2023-01-27 04:00:00,7.829901877079466,6.817268113588835,11.764986746140771,11.3483929206239,11.650264481174952,49.410814138607925
2023-01-27 05:00:00,12.951284049049736,12.503012361229153,10.872884251050705,12.406544192121904,9.031792877867945,57.76551773131944
2023-01-27 06:00:00,19.874290882014872,17.922037409925693,13.51007204790771,13.400288205134485,14.196107765835622,78.90279631081839
2023-01-27 07:00:00,11.997313501520413,16.11394036996778,11.767023331282317,17.789728908642367,17.32432581995413,74.992331931367
2023-01-27 08:00:00,20.0,16.840919754839177,13.190618185929166,14.385309627265585,15.476302314225322,79.89314988225925
2023-01-27 09:00:00,19.834349565457753,15.92132519327824,18.542678936156655,18.52257612010689,16.73531634203887,89.55624615703842
2023-01-27 10:00:00,18.24182215994864,11.766144822542742,15.89846757315685,20.0,20.0,85.90643455564823
2023-01-27 11:00:00,14.591268399470543,19.529322008593514,17.506764516433606,19.66850162181122,20.0,91.29585654630888
2023-01-27 12:00:00,20.0,20.0,20.0,20.0,20.0,100.0
2023-01-27 13:00:00,17.872887626101623,19.366154032730392,17.620897946779017,17.78817022495522,20.0,92.64810983056626
2023-01-27 14:00:00,18.492830063967176,20.0,20.0,15.161278589646715,13.344006694272927,86.99811534788682
2023-01-27 15:00:00,20.0,20.0,18.615999735797075,10.40931054759133,17.201224447918058,86.22653473130646
2023-01-27 16:00:00,17.3829951363368,16.942264293521728,17.18974335281573,9.130127619296594,18.454928738640465,79.10005914061132
2023-01-27 17:00:00,20.0,13.208960052900672,15.647578302091455,20.0,11.660790189804118,80.51732854479624
2023-01-27 18:00:00,11.282399665490871,17.587714018518884,15.359959369991694,14.305118559316448,10.24942755127569,68.7846191645936
2023-01-27 19:00:00,11.8537137904792,10.635232292710143,13.798346718387538,3.869463602406654,9.7277519869093,49.88450839089283
2023-01-27 20:00:00,10.150771191504,13.093157861960954,6.811139695067375,12.312458774549983,8.772425813248294,51.139953336330606
2023-01-27 21:00:00,2.6218530172282737,4.048513929351142,7.744630337993798,7.1854465739446685,0.0,21.600443858517885
2023-01-27 22:00:00,3.998027441259812,5.103277337683893,7.551152446481024,2.1001193346421076,4.188899282020706,22.941475842087545
2023-01-27 23:00:00,0.32707536048921115,0.0,0.0,3.0140779584526816,0.8970847435458245,4.238238062487717
2023-01-28 00:00:00,1.4547728730446412,1.9087373600908557,1.1046589894511532,0.0,1.3437527341709719,5.811921956757622
2023-01-28 01:00:00,6.116973371062665,0.0,2.8479988183582696,2.227130511436353,0.0,11.192102700857287
2023-01-28 02:00:00,2.295015241041485,6.9239992721904855,0.022079664613909422,9.756566008262784,5.514709444438253,24.512369630546917
2023-01-28 03:00:00,11.919006381392862,2.558415210334183,4.853841674157238,11.916424578435965,6.223349891022144,37.47103773534239
2023-01-28 04:00:00,6.783096834957703,14.779792817387873,12.297321366029536,6.187286450178475,12.177163364120872,52.22466083267446
2023-01-28 05:00:00,13.005429667264487,16.143891687596593,16.582513443545103,10.809988333401831,10.567112644637469,67.10893577644549
2023-01-28 06:00:00,15.854776854859542,16.723960708556493,16.92947577428029,12.296634182313097,12.93971645744905,74.74456397745847
2023-01-28 07:00:00,10.313289135258277,16.825273106265385,13.639005657711849,17.218063868006567,14.467097054646542,72.46272882188862
2023-01-28 08:00:00,20.0,15.68749129924014,20.0,20.0,20.0,95.68749129924014
2023-01-28 09:00:00,14.225997998975734,20.0,15.5541461370358,19.969737765104895,20.0,89.74988190111642
2023-01-28 10:00:00,20.0,19.35011823709455,16.191222829649934,18.953385317855332,20.0,94.49472638459982
2023-01-28 11:00:00,13.851692870830005,18.191389952123355,20.0,20.0,16.86326190436593,88.90634472731928
2023-01-28 12:00:00,19.878246644992366,9.981825042441434,18.64520693776782,19.969206464014604,20.0,88.47448508921623
2023-01-28 13:00:00,20.0,20.0,18.666997321455327,20.0,12.929391171775855,91.59638849323119
2023-01-28 14:00:00,15.548888125560294,20.0,17.86696898695033,20.0,20.0,93.41585711251062
2023-01-28 15:00:00,20.0,15.97491525773571,16.06838540642667,20.0,16.195214945796977,88.23851560995936
2023-01-28 16:00:00,16.91754814357839,15.101187192559015,20.0,18.552985424639783,20.0,90.57172076077718
2023-01-28 17:00:00,12.622260941129783,14.502253409363718,20.0,18.97365259296228,17.80476506629373,83.9029320097495
2023-01-28 18:00:00,15.378265238562863,17.09878236421326,16.85948046385827,12.851343745242367,11.938211246241666,74.12608305811843
2023-01-28 19:00:00,5.489354819179972,11.49021837135674,9.22352287585858,7.061747050144111,11.43982000929855,44.70466312583795
2023-01-28 20:00:00,10.023299252667893,6.486959376853363,15.451738370027424,11.879433315268011,9.45722534693328,53.29865566174997
2023-01-28 21:00:00,10.305432899575242,8.166080841930105,8.002922135101619,12.655770715321678,11.883739642368138,51.01394623429678
2023-01-28 22:00:00,2.864639899182628,5.961337745001934,4.948887818334521,4.49797022576317,7.537966634982061,25.810802323264312
2023-01-28 23:00:00,0.0,0.7042559434182154,0.3345658592537064,4.825369098028901,0.0,5.864190900700823
2023-01-29 00:00:00,0.0,0.0,0.0,3.9142912443589757,0.0,3.9142912443589757
2023-01-29 01:00:00,1.6733535488812175,11.687622032377364,2.517688467868691,0.0,1.770131594755705,17.648795643882977
2023-01-29 02:00:00,4.077420200088234,0.0,5.840805886450756,4.527810115053491,3.3402429926234145,17.786279194215894
2023-01-29 03:00:00,6.422922996591113,8.607816616731725,7.731197954253622,7.351907320631384,5.2375317691915955,35.35137665739944
2023-01-29 04:00:00,8.361321769636305,10.481196136726282,8.492293911425206,9.062495103931404,7.595592987741604,43.9928999094608
2023-01-29 05:00:00,13.01918779954452,15.259178284197109,10.241913825650958,7.818619959389334,11.270508832298598,57.60940870108052
2023-01-29 06:00:00,11.522307043355843,9.94727361086942,12.749886903352623,16.676160437878004,11.387771496001863,62.28339949145775
2023-01-29 07:00:00,14.366671145260682,14.637373453942045,18.10664566729506,19.803219240194167,14.049743099387426,80.96365260607938
2023-01-29 08:00:00,20.0,14.434757783684363,17.92338116569835,18.27223291546071,14.457486231722413,85.08785809656582
2023-01-29 09:00:00,20.0,20.0,19.875724485551313,17.033037543369055,19.61347906026894,96.52224108918931
2023-01-29 10:00:00,20.0,20.0,20.0,19.92683365651059,19.686415535151404,99.61324919166199
2023-01-29 11:00:00,19.520463401688556,20.0,18.26396742213774,20.0,19.43006608270104,97.21449690652733
2023-01-29 12:00:00,20.0,18.405749188142025,20.0,20.0,20.0,98.40574918814202
2023-01-29 13:00:00,16.901855515314594,18.23887835861432,20.0,16.749566595245472,20.0,91.89030046917438
2023-01-29 14:00:00,16.992986622837307,16.348089999984936,20.0,19.71399514399369,19.352991159068814,92.40806292588474
2023-01-29 15:00:00,18.459375957223,16.921136908423357,19.708175788327978,15.132599445151687,18.239209530506567,88.46049762963258
2023-01-29 16:00:00,19.496823271570985,15.00631447870469,17.91325821452741,14.737073365847392,20.0,87.15346933065048
2023-01-29 17:00:00,12.17300494103134,16.618537855518117,17.395024300148584,12.298314510518306,15.344289404326409,73.82917101154275
2023-01-29 18:00:00,13.79364636442954,16.71060440264469,14.205750645621592,12.355030807441247,18.430752029563465,75.49578424970053
2023-01-29 19:00:00,7.269370264398229,13.762354622394284,10.646475175137596,12.326617460838388,9.049139115389883,53.05395663815838
2023-01-29 20:00:00,6.2065905459419515,8.28459311798469,9.302450176303266,7.493875949807965,7.603403645413471,38.890913435451345
2023-01-29 21:00:00,4.706624832290583,8.605611504775265,2.6251336741830302,9.97245493695433,6.650150043843414,32.55997499204662
2023-01-29 22:00:00,3.327491956723308,3.527062372147335,3.0450554753912122,2.424741746719761,1.5757997926276657,13.90015134360928
2023-01-29 23:00:00,4.208667063024263,2.1029691468233267,6.240512223451521,0.0,2.2415836098644792,14.79373204316359
2023-01-30 00:00:00,0.0,0.0,4.326483692015756,2.040210589725731,5.663488345833349,12.030182627574836
2023-01-30 01:00:00,0.0,0.0,4.954772559823673,2.00441010328992,6.69066985867547,13.649852521789063
2023-01-30 02:00:00,6.669527660863533,4.233442653936217,8.211632807289899,8.464740511764012,6.04625643729433,33.62560007114799
2023-01-30 03:00:00,12.532204624489479,10.428100464059787,10.140936183996597,13.101925847627985,11.80681862536337,58.009985745537215
2023-01-30 04:00:00,9.668668525285446,3.5798783157187453,9.093802721152734,5.5772336091062185,9.9249605840095,37.844543755272646
2023-01-30 05:00:00,14.62247953236649,12.177214930416032,13.117976343152046,12.192321542116611,11.838768122446064,63.94876047049724
2023-01-30 06:00:00,11.47674166897905,10.902486026693918,16.90731995311984,16.147569012440176,15.19808105364498,70.63219771487796
2023-01-30 07:00:00,19.286292083454036,15.883879889844126,20.0,11.44001004289319,15.937625789671452,82.5478078058628
2023-01-30 08:00:00,20.0,18.131606203363617,18.103750992027773,18.76256483979267,16.37698304177096,91.37490507695502
2023-01-30 09:00:00,20.0,20.0,20.0,19.245986523992702,12.1405716777113,91.38655820170399
2023-01-30 10:00:00,17.918811548553478,20.0,20.0,20.0,19.026796349445696,96.94560789799917
2023-01-30 11:00:00,19.293120163426575,19.61052702420632,20.0,19.494224992961918,18.079294816458606,96.47716699705342
2023-01-30 12:00:00,20.0,19.426281066765704,19.003107046193172,20.0,19.339887730158104,97.76927584311699
2023-01-30 13:00:00,18.09939890440387,14.400238070999839,18.963427266799577,20.0,19.954615494204923,91.41767973640822
2023-01-30 14:00:00,20.0,20.0,19.62663644551451,20.0,20.0,99.6266364455145
2023-01-30 15:00:00,17.259932459445842,20.0,17.49005082509103,18.599241350018914,20.0,93.34922463455578
2023-01-30 16:00:00,16.806039740360823,19.770353529987066,17.277190171948764,17.287047434890038,11.344795024177015,82.48542590136371
2023-01-30 17:00:00,14.95746604163784,12.480687809717873,18.205100264007566,13.302688880428958,12.130153686910619,71.07609668270285
2023-01-30 18:00:00,14.78188563885972,16.138921864885,14.86004813504017,11.883364966361185,14.27494939217663,71.9391699973227
2023-01-30 19:00:00,13.413143141384705,15.618964380345933,9.575150472012032,12.969265009419784,13.679269592738123,65.25579259590057
2023-01-30 20:00:00,6.022611204267836,7.790606465548336,10.514721317761806,10.702136221117195,6.343735422149422,41.373810630844595
2023-01-30 21:00:00,6.20974616219749,10.116344065124776,7.6361055365028365,10.07256046149431,1.9593262597415855,35.994082485061
2023-01-30 22:00:00,4.524797399975087,3.0196907572253835,5.133862055145754,6.421649586335447,8.689165420716547,27.78916521939822
2023-01-30 23:00:00,2.8397301154492123,0.10558436397667226,3.5636195193298823,2.6968510335105393,5.7714690092139875,14.977254041480293
