timestamp,temperature,humidity,precipitation,wind_speed
2023-01-01 00:00:00,27.483570765056164,53.4338679692473,0.0,10.479569175992202
2023-01-01 01:00:00,24.308678494144075,67.08171073304334,0.5,6.916974577222126
2023-01-01 02:00:00,28.23844269050346,71.67391099130737,0.0,13.797123522594102
2023-01-01 03:00:00,32.61514928204013,52.894384271660115,0.0,7.401475455356497
2023-01-01 04:00:00,23.829233126383322,46.96780370364121,0.0,12.90837160158021
2023-01-01 05:00:00,23.8293152152541,81.74651183996495,0.0,11.281583085615054
2023-01-01 06:00:00,32.896064077536955,89.22010903517761,0.0,8.061318070468591
2023-01-01 07:00:00,28.837173645764544,66.28450911513428,0.0,15.325932677828536
2023-01-01 08:00:00,22.65262807032524,48.583964292415175,0.0,6.41908950473056
2023-01-01 09:00:00,27.712800217929825,53.61536632596845,1.0,12.757462520830003
2023-01-01 10:00:00,22.682911535937688,40.919533827373336,0.0,13.001746954128935
2023-01-01 11:00:00,22.671351232148716,85.71494032802495,0.0,7.988139372770066
2023-01-01 12:00:00,26.20981135783017,45.88755414450706,0.0,14.177395900192987
2023-01-01 13:00:00,15.43359877671101,68.82582377571268,0.0,9.249860456203141
2023-01-01 14:00:00,16.375410837434835,53.7027610343603,0.0,10.866080887839571
2023-01-01 15:00:00,22.188562353795135,67.70890012578967,0.0,10.780965516313662
2023-01-01 16:00:00,19.93584439832788,72.57101941759322,1.0,9.597073775588356
2023-01-01 17:00:00,26.571236662976368,81.48709018536007,0.0,12.432424819479346
2023-01-01 18:00:00,20.459879622393945,50.32106358803016,5.0,12.380466161656638
2023-01-01 19:00:00,17.938481493323543,40.549791432924025,0.5,4.7544040802854575
2023-01-01 20:00:00,32.32824384460777,46.844281503440364,0.0,13.913020728634457
2023-01-01 21:00:00,23.871118497567323,85.00093209240526,1.0,5.012524035892977
2023-01-01 22:00:00,25.33764102343962,83.69450387812577,0.0,13.097638613024973
2023-01-01 23:00:00,17.87625906893272,69.87065510851542,0.5,13.38011541048275
2023-01-02 00:00:00,22.278086377374088,70.02584302168268,0.0,6.7271007093544055
2023-01-02 01:00:00,25.55461294854933,73.25183372731277,0.5,8.767557136136245
2023-01-02 02:00:00,19.245032112888488,48.76856393117248,0.5,6.682885994542193
2023-01-02 03:00:00,26.87849009172836,85.72059729624799,0.5,9.355236909133794
2023-01-02 04:00:00,21.996806550405974,60.93852624460365,0.0,9.075897147442776
2023-01-02 05:00:00,23.541531251033618,59.156926412474874,0.0,12.338981596808019
2023-01-02 06:00:00,21.991466938853016,65.94588526414188,0.0,13.930926238358825
2023-01-02 07:00:00,34.26139092254469,42.348298338752755,0.0,14.187051432369868
2023-01-02 08:00:00,24.93251387631033,48.31416843780397,0.0,8.313495920265094
2023-01-02 09:00:00,19.711445355220498,76.90168082131852,0.0,9.372334378766416
2023-01-02 10:00:00,29.112724560515943,44.139933396256325,0.0,4.949685423337149
2023-01-02 11:00:00,18.895781750144888,70.1576054733194,2.0,7.582389800511434
2023-01-02 12:00:00,26.044317975023777,52.26745548406605,0.0,12.894554899292373
2023-01-02 13:00:00,15.201649380601122,59.46478070209883,0.5,14.846748470644695
2023-01-02 14:00:00,18.359069755507846,54.434686838534994,0.0,6.296953384360234
2023-01-02 15:00:00,25.984306179345616,57.78363582324746,0.5,8.222607222541317
2023-01-02 16:00:00,28.692332899977053,75.95229525921228,1.0,9.92078272912322
2023-01-02 17:00:00,25.85684140594985,54.856085781158754,0.0,10.84048347645882
2023-01-02 18:00:00,24.421758588058797,68.32023201484486,0.0,7.571189440235061
2023-01-02 19:00:00,23.494481522053555,63.80252010995498,0.0,11.27218313339227
2023-01-02 20:00:00,17.607390048162863,73.1835582681324,0.0,8.578481958787252
2023-01-02 21:00:00,21.400778958026457,86.84148696623791,0.0,9.956643187365163
2023-01-02 22:00:00,22.696806145201062,76.62860486051252,0.0,11.638852744011098
2023-01-02 23:00:00,30.285611131094576,50.74701892953784,0.0,10.019266809432814
2023-01-03 00:00:00,26.71809144784231,41.55915675306424,0.0,8.690842328420294
2023-01-03 01:00:00,16.18479922318633,53.113202214991254,0.0,9.671170588222507
2023-01-03 02:00:00,26.620419846973974,69.75389653501274,0.0,9.734911122383995
2023-01-03 03:00:00,23.074588597918417,42.57129067421252,0.0,8.889966910353618
2023-01-03 04:00:00,21.615389998470206,64.81831236006181,2.0,9.223611811998692
2023-01-03 05:00:00,28.05838144420434,69.84214244584446,0.0,14.795941511514151
2023-01-03 06:00:00,30.154997612479754,56.712194540848046,2.0,11.682758343823716
2023-01-03 07:00:00,29.656400595580994,78.54561018729109,0.0,9.113559045912519
2023-01-03 08:00:00,20.803912383886807,45.32991265668859,0.0,12.090863213532206
2023-01-03 09:00:00,23.453938120743928,43.75688908679044,0.0,8.99854153073197
2023-01-03 10:00:00,26.65631715701782,76.40943781018017,0.0,13.519373912759924
2023-01-03 11:00:00,29.877725635611796,64.77456581030992,0.0,11.108926576594282
2023-01-03 12:00:00,22.60412881077355,74.4201198213868,0.0,9.678093567987313
2023-01-03 13:00:00,24.071705116680914,61.74136693018731,0.0,11.343150777430832
2023-01-03 14:00:00,19.46832512996986,52.32010166195534,0.0,5.287371543794502
2023-01-03 15:00:00,19.018966879596647,80.95511588371,0.0,6.619697593270584
2023-01-03 16:00:00,29.062629111970992,79.97079394844897,0.0,6.418224980802834
2023-01-03 17:00:00,31.781200142854114,74.73482354272133,0.0,10.42882928429112
2023-01-03 18:00:00,24.63994939209833,53.607256861498136,0.0,15.197544998455275
2023-01-03 19:00:00,30.01766448946012,69.51153334345435,0.0,16.6939004385779
2023-01-03 20:00:00,26.80818012523817,58.04869484700134,0.0,11.914153304322271
2023-01-03 21:00:00,21.77440122697438,44.579103666331704,5.0,11.50253342483337
2023-01-03 22:00:00,26.80697802754207,85.86567877311214,0.0,4.596826797541783
2023-01-03 23:00:00,32.690182832329846,46.84093154594807,0.0,8.371978600797934
2023-01-04 00:00:00,24.820869804450243,87.51186769104012,5.0,7.636648744275283
2023-01-04 01:00:00,32.82321827907003,62.30028864789779,0.0,8.137457205246651
2023-01-04 02:00:00,11.901274479551278,49.25664644193098,0.0,9.495568544245632
2023-01-04 03:00:00,29.10951252187612,67.0950473689179,0.0,8.583728266908619
2023-01-04 04:00:00,25.435235341190857,83.64729179382041,0.0,4.062100568872637
2023-01-04 05:00:00,23.504963247670663,76.61124432047805,0.0,12.243730768352602
2023-01-04 06:00:00,25.45880388267751,80.32805739307248,0.0,6.781770922780581
2023-01-04 07:00:00,15.062155426995536,72.93916833553587,0.0,10.717740592333449
2023-01-04 08:00:00,23.90164056081244,74.61382822589263,0.0,16.22224800924992
2023-01-04 09:00:00,26.78556285755873,82.45978257826596,5.0,7.24184622524073
2023-01-04 10:00:00,32.38947022370758,52.483400442959294,0.5,2.4091374317610104
2023-01-04 11:00:00,22.40864890863176,64.47124818215703,0.0,9.141987334359667
2023-01-04 12:00:00,20.95753198553406,51.06047209098011,0.0,13.302878904995714
2023-01-04 13:00:00,22.491214782077318,89.38340039983234,0.0,15.875042362661782
2023-01-04 14:00:00,29.57701058851037,87.20296698433066,0.0,6.311351216642749
2023-01-04 15:00:00,26.643755548298422,41.9713405684253,0.0,11.490097669709565
2023-01-04 16:00:00,22.351198981164806,75.27875862578442,0.0,8.60406862965984
2023-01-04 17:00:00,27.56633716556678,86.26241587078329,0.5,9.682154937087592
2023-01-04 18:00:00,25.4853877467402,49.02876725636668,0.0,17.933030041051104
2023-01-04 19:00:00,29.843224952664446,68.39726152763147,0.0,5.49108901481454
2023-01-04 20:00:00,21.489734530613237,85.77441487940209,0.0,10.76121898448372
2023-01-04 21:00:00,23.361689267011158,41.69729892928994,0.0,11.4030795152963
2023-01-04 22:00:00,23.039459234339212,74.871013362342,0.5,13.257358974818041
2023-01-04 23:00:00,17.682425259339407,54.86745036862754,0.0,10.293949460412687
2023-01-05 00:00:00,26.48060138532288,86.21980976882652,0.0,10.924151618512306
2023-01-05 01:00:00,26.305276360899448,88.55291225826838,0.0,8.825054297734626
2023-01-05 02:00:00,25.025567283212304,87.2133244556717,0.0,10.807380823735322
2023-01-05 03:00:00,23.827064333124266,63.71071083287319,0.0,8.970423173507768
2023-01-05 04:00:00,17.92314628974793,83.10213254946567,0.0,11.864715669568152
2023-01-05 05:00:00,22.896773386173205,82.22746992675351,0.0,8.891168991869097
2023-01-05 06:00:00,23.286427417366152,55.95502366216278,0.0,11.13130118170656
2023-01-05 07:00:00,20.988613653891903,81.44577370753387,0.0,9.912211558945065
2023-01-05 08:00:00,24.193571441669953,41.85038173577463,0.0,13.378150752316504
2023-01-05 09:00:00,27.020254284072692,69.81349392410266,0.0,9.845818829234542
2023-01-05 10:00:00,34.43092950605265,51.50044186438515,0.0,4.680902595379356
2023-01-05 11:00:00,25.872889064159196,46.02834428886394,0.0,13.785764502141975
2023-01-05 12:00:00,26.28775195361382,43.84766008146046,2.0,7.282803097412144
2023-01-05 13:00:00,24.627770421169163,74.81443879390699,0.5,8.038700984053541
2023-01-05 14:00:00,15.406143923504793,56.9937481884033,2.0,8.213016117869524
2023-01-05 15:00:00,24.867430622753915,76.23833857643808,0.0,14.123314279512453
2023-01-05 16:00:00,25.301151049705133,43.26781703994712,0.0,3.592977358063914
2023-01-05 17:00:00,37.316210562426434,55.76451689153052,0.0,19.41324560097998
2023-01-05 18:00:00,24.038195176094387,66.97456461876686,0.0,13.168170427198156
2023-01-05 19:00:00,26.507736711668063,79.53615824194819,0.5,10.669716742387479
2023-01-05 20:00:00,24.826441151473784,55.937625146603494,0.0,9.83531799815114
2023-01-05 21:00:00,19.15660981190234,71.29456882185045,0.0,10.85666222457297
2023-01-05 22:00:00,30.714114072575104,84.29888741180935,0.0,11.563367285138014
2023-01-05 23:00:00,28.759665163433873,70.79315940911523,0.0,11.93564675785017
2023-01-06 00:00:00,28.955159735215233,51.64797373768169,0.0,11.666813398010346
2023-01-06 01:00:00,20.453062726026303,41.220039077826904,0.0,10.268742043765746
2023-01-06 02:00:00,32.013971554680495,83.50494369504649,0.0,9.407984739078021
2023-01-06 03:00:00,17.990744686038596,41.063470542519354,0.0,9.546180149039465
2023-01-06 04:00:00,27.934285469001352,83.73508363420997,0.0,9.415275158941958
2023-01-06 05:00:00,35.952278129049894,66.4468567013606,0.0,13.401310290601193
2023-01-06 06:00:00,20.04731837434656,86.95338492564481,0.5,11.780670166842587
2023-01-06 07:00:00,22.16851135198614,79.93916178868326,2.0,1.1788340960071597
2023-01-06 08:00:00,25.498256825438204,89.89670552666686,0.0,11.967702329589283
2023-01-06 09:00:00,22.482621729419005,57.53559077258551,0.0,10.584208584156325
2023-01-06 10:00:00,17.246682844669337,78.35941444655634,0.0,9.943873730662308
2023-01-06 11:00:00,25.342814874030136,60.09654568046211,0.0,8.834444640733343
2023-01-06 12:00:00,19.688481431369475,63.99378101519544,0.0,13.37233815995804
2023-01-06 13:00:00,27.36796215317591,71.37527316091851,0.5,12.842579386368573
2023-01-06 14:00:00,20.402878828830985,83.68385570931693,0.0,7.681366996529173
2023-01-06 15:00:00,32.7496720250877,89.20417345996475,1.0,11.221156861373606
2023-01-06 16:00:00,21.083733538318814,78.41367069322591,0.0,7.085029796376142
2023-01-06 17:00:00,23.38969241897162,60.88833910836669,0.0,5.861145505633209
2023-01-06 18:00:00,29.067586086848348,61.06785011385351,0.0,8.119848326230105
2023-01-06 19:00:00,18.845678417830225,76.87911507944457,0.5,12.587180417148277
2023-01-06 20:00:00,26.137299673020646,51.938857288415115,0.0,12.85937513612826
2023-01-06 21:00:00,31.53571377141214,45.52370565656973,0.0,11.539256260291879
2023-01-06 22:00:00,16.96258382719386,57.73110788203883,0.0,12.175287360543992
2023-01-06 23:00:00,25.92316929266152,54.361949582704085,0.0,11.548534861344875
2023-01-07 00:00:00,26.299413971242117,54.81540602279951,0.0,8.075555214331143
2023-01-07 01:00:00,28.90911435888655,51.680387552495496,0.0,11.295767634021821
2023-01-07 02:00:00,18.81524644560959,42.104659481818096,0.0,12.401228575683046
2023-01-07 03:00:00,18.397716934578618,40.89369673667069,0.0,12.262873989440724
2023-01-07 04:00:00,27.60970782808449,89.38611948680158,0.0,13.56674011442393
2023-01-07 05:00:00,26.48492336616593,61.38865668679311,0.0,12.124911541603192
2023-01-07 06:00:00,26.252464251729382,59.216332357984086,0.0,11.054344622624749
2023-01-07 07:00:00,26.732241047484877,73.9823641346535,0.0,13.210450714949282
2023-01-07 08:00:00,21.599876392107547,50.912694393253204,0.0,9.92043622225282
2023-01-07 09:00:00,26.161268485805017,87.49805919751127,0.0,7.354376046316847
2023-01-07 10:00:00,26.465362366493405,79.3172507207776,2.0,9.510799108168708
2023-01-07 11:00:00,21.42824290986816,44.47055011561297,0.0,7.7652920655806525
2023-01-07 12:00:00,34.328872555723784,60.87903878924642,0.0,7.974465175076856
2023-01-07 13:00:00,27.36916460455894,83.95591537810824,0.0,9.566443987853447
2023-01-07 14:00:00,19.043482513986756,87.2366011145705,0.0,7.622740237000116
2023-01-07 15:00:00,28.28276804316915,63.37007556249348,0.0,9.07611541108288
2023-01-07 16:00:00,20.126591648863393,70.67056946053539,0.0,4.319155999138643
2023-01-07 17:00:00,28.93542301871226,48.35169730460376,0.0,10.639881122118815
2023-01-07 18:00:00,30.79297789503702,89.55843130684883,0.0,10.003616426086673
2023-01-07 19:00:00,20.89658840824145,51.58358506917217,0.0,7.548734106795428
2023-01-07 20:00:00,29.81688064622161,87.13658870675629,0.0,11.977737005297215
2023-01-07 21:00:00,27.06390463468249,72.48233244961843,0.0,12.812710412879674
2023-01-07 22:00:00,29.11030079997245,70.38683974394296,0.0,5.177320406893077
2023-01-07 23:00:00,34.48396491326974,65.63442555082543,0.0,7.711825664301357
2023-01-08 00:00:00,23.773059419985646,51.53349058588793,0.0,7.692572950638105
2023-01-08 01:00:00,21.23131917821255,48.82640160027542,2.0,7.180290696673406
2023-01-08 02:00:00,20.552427851872384,51.02431045350877,0.0,12.488424525795246
2023-01-08 03:00:00,20.920948575172808,49.32191310721272,0.0,9.418521583681589
2023-01-08 04:00:00,24.614491452929478,78.97922367833766,0.0,9.206455476068168
2023-01-08 05:00:00,26.70575987408322,57.50626295833651,0.0,3.9884129067797396
2023-01-08 06:00:00,26.383453996650097,42.89213382816982,0.0,11.90625409062768
2023-01-08 07:00:00,29.13591624518012,88.45513150704056,0.0,6.282224815439582
2023-01-08 08:00:00,25.065009459389536,84.18929424817128,0.0,10.179797890798985
2023-01-08 09:00:00,32.26767038578659,86.38761415976064,0.0,10.832130813874574
2023-01-08 10:00:00,23.67671583381022,89.74539113232177,0.0,14.081975787515953
2023-01-08 11:00:00,38.600845832948096,48.69476246097437,0.0,6.0735388026426635
2023-01-08 12:00:00,28.12833673882503,59.81210094513294,0.0,0.941463532537524
2023-01-08 13:00:00,20.714212217918586,77.91192378520456,2.0,10.551548634261085
2023-01-08 14:00:00,19.64553750969444,74.8010309026896,0.0,15.401533544532562
2023-01-08 15:00:00,27.412362076215928,47.69479531699275,0.0,13.716839058818312
2023-01-08 16:00:00,23.882686073370746,80.79165624953089,2.0,10.628978245823877
2023-01-08 17:00:00,28.57000247046046,51.22202859183304,0.0,8.525091443103857
2023-01-08 18:00:00,27.366188122867726,51.19088074113115,0.0,12.421367789911931
2023-01-08 19:00:00,24.635855436715637,66.84872114467068,0.0,7.079361400886594
2023-01-08 20:00:00,20.766031409657977,69.64699674208515,0.5,11.429073308068658
2023-01-08 21:00:00,17.425763876570677,69.00431039189056,0.0,11.51641047749988
2023-01-08 22:00:00,22.767425239664895,44.574341869887746,0.0,13.18062972249664
2023-01-08 23:00:00,29.28199397161736,83.87304313151901,0.0,18.278980116733234
2023-01-09 00:00:00,26.07046872065102,53.2800021294353,1.0,11.177247901536301
2023-01-09 01:00:00,18.771306106440058,46.47574606414021,0.0,8.473109122877503
2023-01-09 02:00:00,25.86590462925591,84.43740399344887,0.0,9.923277063424017
2023-01-09 03:00:00,26.926586898644185,87.78257491148767,0.0,4.692772285332645
2023-01-09 04:00:00,20.580712818994336,83.10638086327253,0.0,7.915860606732825
2023-01-09 05:00:00,25.76862552972764,80.4758037362439,0.0,8.772152685660688
2023-01-09 06:00:00,25.29104359223,72.7620990319511,1.0,8.427734806196222
2023-01-09 07:00:00,19.285148510846884,67.54286853045696,0.0,10.457064616101166
2023-01-09 08:00:00,26.788936801741418,44.34933799557051,0.0,7.5327402028533985
2023-01-09 09:00:00,27.80392263184117,60.42266065353493,0.0,13.363092001973413
2023-01-09 10:00:00,30.415256215876383,58.6344258506157,0.5,10.000621194754592
2023-01-09 11:00:00,30.269010260174515,52.98768918801631,0.0,9.972099036584156
2023-01-09 12:00:00,18.111653160214544,76.17100568442925,0.0,9.016315850461247
2023-01-09 13:00:00,20.310874800424386,64.79378675393855,0.5,10.465572051576938
2023-01-09 14:00:00,27.5751763360433,44.0523107953824,0.5,12.475294794002904
2023-01-09 15:00:00,27.568929754561044,51.009160097490565,0.5,7.3986093528672985
2023-01-09 16:00:00,27.575238431530238,74.16293818297979,1.0,8.02565053277423
2023-01-09 17:00:00,44.26365745327361,43.80654297451501,0.0,9.088821913670007
2023-01-09 18:00:00,27.854452553465833,82.56034570243844,0.0,5.962387229580355
2023-01-09 19:00:00,30.677828200902994,64.75732635069872,0.0,7.542226420835506
2023-01-09 20:00:00,29.770008817466014,64.0293288663324,0.5,8.571337379366023
2023-01-09 21:00:00,28.25695625652899,69.62038923297588,0.0,12.623167542138184
2023-01-09 22:00:00,23.42365377679827,81.23404829625746,0.0,10.787683987005774
2023-01-09 23:00:00,28.794846102466337,57.390460395109656,0.0,10.580769734102633
2023-01-10 00:00:00,21.13587392731214,73.90080762795318,0.0,12.552693886503917
2023-01-10 01:00:00,23.815906966299956,68.28659819978955,0.0,9.58788463480181
2023-01-10 02:00:00,22.573182260854484,53.35141350847107,5.0,11.171394549786669
2023-01-10 03:00:00,25.409370696931614,83.9314993177579,1.0,9.690334741202511
2023-01-10 04:00:00,36.573292833367546,79.8713010803464,0.0,10.796087048198885
2023-01-10 05:00:00,15.66367403704126,72.92259173292128,0.0,8.251724027165254
2023-01-10 06:00:00,28.43130095187257,82.52908645471209,0.0,2.6835485251707123
2023-01-10 07:00:00,16.936420644051744,83.36471004799012,0.0,9.597162513441088
2023-01-10 08:00:00,22.640340671052833,75.41814883575174,0.5,14.26824440829982
2023-01-10 09:00:00,30.444752984836832,81.85066641818361,0.0,12.778646206724776
2023-01-10 10:00:00,25.321400095477316,74.87357308346418,0.0,12.896192453773512
2023-01-10 11:00:00,19.61127611035347,74.00703858801502,0.5,13.708392165418655
2023-01-10 12:00:00,21.42348145370016,70.93056891075922,0.0,10.265972772884313
2023-01-10 13:00:00,28.39798874467338,77.63583197788206,0.0,10.591947122216787
2023-01-10 14:00:00,21.34816684141432,47.93025526465368,0.0,8.147044313696949
2023-01-10 15:00:00,26.082292947909874,84.04353795994642,0.0,9.051781431918851
2023-01-10 16:00:00,25.22785919951907,83.5921763872616,0.0,11.847313449313425
2023-01-10 17:00:00,21.741998261970913,41.462364151727954,0.0,13.611653311506448
2023-01-10 18:00:00,35.719720446626624,81.29083752823814,0.0,9.581661172957002
2023-01-10 19:00:00,28.169595111590056,46.44349337367226,0.5,8.649432205445766
2023-01-10 20:00:00,14.874287066711965,56.75594271295709,0.0,10.001583876569791
2023-01-10 21:00:00,25.93227157384714,77.1754128145804,0.0,11.803620246787345
2023-01-10 22:00:00,21.69106767615806,48.03799480241541,0.0,5.668435551599375
2023-01-10 23:00:00,29.26216667398112,80.8983512059531,0.0,3.1114571405882856
2023-01-11 00:00:00,21.037396307836495,81.6067088978871,0.0,8.34838945152525
2023-01-11 01:00:00,24.426317792665504,65.37338668804182,0.0,6.337862722257524
2023-01-11 02:00:00,27.524936394902287,40.31929358584168,0.0,8.475579407058067
2023-01-11 03:00:00,29.328775970850607,54.35190665874564,5.0,9.556659043547585
2023-01-11 04:00:00,18.998517964721117,70.84634591878711,0.0,8.640254772930959
2023-01-11 05:00:00,23.327493820795258,89.05930890137117,0.0,14.357402603412236
2023-01-11 06:00:00,22.62527344419522,71.59067635083342,0.5,10.98023429380696
2023-01-11 07:00:00,21.73335383713144,52.99017905320799,0.0,10.901423078832485
2023-01-11 08:00:00,33.82727120140548,71.70028515498056,0.0,11.866621432130206
2023-01-11 09:00:00,27.024908554804778,66.99926898579278,0.0,6.583500646657693
2023-01-11 10:00:00,18.695580228324772,78.99226975755718,0.0,13.117335362260807
2023-01-11 11:00:00,29.58930973527388,45.34903194134792,0.0,9.77270714039362
2023-01-11 12:00:00,35.610780985063165,78.05139512510141,0.0,12.011441851723639
2023-01-11 13:00:00,30.162326302755734,67.06332893380551,0.0,6.784428300879534
2023-01-11 14:00:00,17.403150170229935,88.14960019294973,0.0,5.338723701951807
2023-01-11 15:00:00,22.578829635668743,57.0936083019343,0.0,12.453668974075086
2023-01-11 16:00:00,31.334555745933113,71.6310946566974,0.0,11.12922857829255
2023-01-11 17:00:00,21.461652671906094,86.60140527550087,0.0,7.293845336927468
2023-01-11 18:00:00,27.219097140731144,45.12548639953396,0.0,7.391010756175917
2023-01-11 19:00:00,28.873170267146683,86.86142436182256,0.0,13.376304353244308
2023-01-11 20:00:00,20.365347642109583,74.39428611504067,2.0,6.431764321398017
2023-01-11 21:00:00,24.702373219691,43.39185295525859,0.0,14.92801885976789
2023-01-11 22:00:00,8.793663299654636,55.04817834734081,0.0,7.298137796056394
2023-01-11 23:00:00,19.878061793328552,75.40860443226407,0.0,11.91517577682515
2023-01-12 00:00:00,23.7371592430342,43.36753007343859,0.0,9.014144572753047
2023-01-12 01:00:00,18.761084090175753,69.10852300881366,0.5,11.80956229324703
2023-01-12 02:00:00,33.16205651965818,57.29415284764784,5.0,8.367657993657422
2023-01-12 03:00:00,17.849293110196836,71.04577588837385,0.0,9.511621281783118
2023-01-12 04:00:00,22.799777566515083,42.28710169062564,0.0,10.122757526187163
2023-01-12 05:00:00,25.653702886430455,83.57684030761882,0.0,6.993437632655581
2023-01-12 06:00:00,32.20636644533058,88.67444845886985,0.5,12.222473036260379
2023-01-12 07:00:00,17.8206892441028,88.44389276428458,0.0,8.460359300585244
2023-01-12 08:00:00,30.815818760774796,77.48259158714623,0.0,9.314200253979944
2023-01-12 09:00:00,25.051165305097935,46.5043120065316,0.0,7.016951876174463
2023-01-12 10:00:00,20.092456744760245,77.91315979645113,0.0,2.3129990236140685
2023-01-12 11:00:00,27.310517371316354,41.229345822940076,0.0,9.426916712199493
2023-01-12 12:00:00,25.99529847786735,41.106177576449866,0.0,17.237846264838748
2023-01-12 13:00:00,21.998915614206027,56.18051095747706,0.0,12.35381286369407
2023-01-12 14:00:00,25.349010424950094,64.43215952023328,0.0,9.942218860796816
2023-01-12 15:00:00,23.0734320156912,78.52037089038966,0.0,9.211327512375197
2023-01-12 16:00:00,25.56758672625624,74.16476883032526,0.0,10.067397678436139
2023-01-12 17:00:00,28.310653372605234,62.29513531883742,0.0,11.64135734552563
2023-01-12 18:00:00,32.93008408072676,53.68133331408329,0.0,6.457561554073465
2023-01-12 19:00:00,18.810922505865754,89.85622500788556,0.0,13.342965084006616
2023-01-12 20:00:00,35.665166873281336,61.309065111798645,0.0,12.146143946323733
2023-01-12 21:00:00,15.239561002387491,62.569351216483774,0.0,12.154557177123802
2023-01-12 22:00:00,24.241074524822082,48.181191059583455,0.0,11.315427216429182
2023-01-12 23:00:00,27.941586032422883,79.74047743749647,0.0,10.05884997308197
2023-01-13 00:00:00,26.404959338675162,74.68411128907442,0.0,12.01858370790046
2023-01-13 01:00:00,21.88650240089703,51.03848063943802,0.5,11.775442401224135
2023-01-13 02:00:00,23.959388748213623,44.11905228079213,0.0,8.937877867176928
2023-01-13 03:00:00,22.534995326705836,74.02496510373565,0.5,8.279194681309297
2023-01-13 04:00:00,22.053176215278942,72.72556071405677,0.0,10.30556888578596
2023-01-13 05:00:00,29.248010485105123,53.662976349910466,0.0,14.647060454485562
2023-01-13 06:00:00,26.785077429825236,87.54317811252051,0.0,6.282678773038297
2023-01-13 07:00:00,21.535452023696728,47.55289458904501,0.0,5.59742420274268
2023-01-13 08:00:00,29.497999377166252,61.6167400521301,0.0,10.49428252370955
2023-01-13 09:00:00,26.536497604383047,87.18079600837994,0.0,10.152663105568054
2023-01-13 10:00:00,29.0643105941948,60.986365846306114,0.0,10.520024993111225
2023-01-13 11:00:00,28.14814420961806,71.92629738320429,0.0,10.7318595937255
2023-01-13 12:00:00,20.855024945389637,59.87971989813971,0.0,9.330393236095585
2023-01-13 13:00:00,22.199094799015153,53.7107601174335,0.0,14.469590315806247
2023-01-13 14:00:00,28.736468025616308,89.19888239799141,0.0,5.197288064570453
2023-01-13 15:00:00,28.051851327167324,60.46670031575215,0.0,7.514508925659262
2023-01-13 16:00:00,24.89549203017926,84.70496018395673,0.0,9.690235719552858
2023-01-13 17:00:00,25.58663691654391,51.49773029455431,0.0,5.070433566537498
2023-01-13 18:00:00,31.388324478942124,50.655235201254165,0.0,9.472436786703787
2023-01-13 19:00:00,22.04214305582085,41.55670414422557,0.0,14.984410497184054
2023-01-13 20:00:00,27.735486905850188,72.58334126879424,5.0,10.062659464887885
2023-01-13 21:00:00,23.98903673783053,58.42631718618806,1.0,10.69210271715605
2023-01-13 22:00:00,23.9115939838639,83.21791249198185,0.0,6.219505704482259
2023-01-13 23:00:00,30.49388425993595,63.66049533457786,0.0,8.150915775881568
2023-01-14 00:00:00,29.12708174494015,88.40967139573608,0.0,8.874410859028188
2023-01-14 01:00:00,29.067548180003193,49.27627578515606,0.0,9.046854709731297
2023-01-14 02:00:00,31.527394035771646,83.43115839778054,0.0,13.844931385011307
2023-01-14 03:00:00,25.105019208163796,78.82984263958708,0.0,11.673073182175374
2023-01-14 04:00:00,28.40976485647482,78.5460922322026,0.5,6.6656261291889045
2023-01-14 05:00:00,23.44866621703272,82.23916140584438,0.0,10.739514335296015
2023-01-14 06:00:00,26.62083176244221,78.05119954714993,0.0,11.494665245490356
2023-01-14 07:00:00,24.349284728161578,71.31101608157077,0.0,13.4204471155638
2023-01-14 08:00:00,25.48497982496359,46.56224388411938,0.0,14.74162205970512
2023-01-14 09:00:00,27.97578512718457,41.6263089745626,0.0,6.954717424516394
2023-01-14 10:00:00,20.908896583832636,86.04239239078434,0.0,7.5674274663689856
2023-01-14 11:00:00,35.4619363784273,70.8325157260369,0.0,6.227266423256151
2023-01-14 12:00:00,19.96991309250149,79.82686454880881,0.0,9.297940422679055
2023-01-14 13:00:00,18.92905693606134,64.0761175756275,0.5,11.399075123339003
2023-01-14 14:00:00,30.790554367500338,45.86540944811972,0.0,12.962003549767307
2023-01-14 15:00:00,28.95831346981468,46.259289610127524,0.0,9.772146929072433
2023-01-14 16:00:00,28.120599085260775,74.27826436144858,0.0,9.040457430235469
2023-01-14 17:00:00,28.1417275463214,61.51529474497313,1.0,10.455273976746222
2023-01-14 18:00:00,24.938766135765427,50.02623633501683,0.0,7.494571295109931
2023-01-14 19:00:00,20.51372814257084,64.57972733707184,0.0,16.26861616508432
2023-01-14 20:00:00,25.37902279096863,43.21044685375671,0.5,5.177016918645824
2023-01-14 21:00:00,21.61419144243944,69.09857009571994,0.5,10.554221736687174
2023-01-14 22:00:00,29.875598667088756,53.449670221754886,0.0,16.070818657688918
2023-01-14 23:00:00,24.264713092489306,79.87795503185941,0.5,10.020399533679994
2023-01-15 00:00:00,20.872514016037442,55.518097946178685,0.0,9.429882894995517
2023-01-15 01:00:00,23.393070791735035,62.76100745409006,0.0,8.927663731568718
2023-01-15 02:00:00,27.06465727137812,40.58102699540503,0.0,9.458824954712776
2023-01-15 03:00:00,22.181377235980126,43.62234438972794,0.0,14.118545424029591
2023-01-15 04:00:00,20.888898022167844,59.62467782033424,0.0,3.3644142660114795
2023-01-15 05:00:00,26.218436057459563,63.996941735856176,0.0,14.600301103888977
2023-01-15 06:00:00,26.224832855543614,70.00102740596519,0.0,5.728128542649564
2023-01-15 07:00:00,22.46528412314435,54.58312893546516,0.0,9.200043012296756
2023-01-15 08:00:00,22.644808471908387,74.74909430632712,0.0,8.712266739104015
2023-01-15 09:00:00,26.16024968678818,83.00611985946023,0.0,11.76565980931216
2023-01-15 10:00:00,17.75957829251338,78.99254944466749,0.0,5.205626944348757
2023-01-15 11:00:00,17.962681128117225,41.980941267417855,0.0,11.386517998245829
2023-01-15 12:00:00,21.40777889373782,64.02534736289145,0.0,16.072928869860558
2023-01-15 13:00:00,23.932764241440765,45.246508920908745,0.0,5.910477986221569
2023-01-15 14:00:00,26.554537827990025,52.10225079312637,2.0,10.569118502831188
2023-01-15 15:00:00,32.37678108474776,89.33312966335733,0.0,8.014053466610173
2023-01-15 16:00:00,29.288298116010097,47.12477714507566,0.0,11.277661618579106
2023-01-15 17:00:00,24.200307350182864,64.9444076725678,0.0,10.057443332247257
2023-01-15 18:00:00,24.904918960486555,70.90778671590596,0.0,8.075539272867072
2023-01-15 19:00:00,19.987353176810956,75.12324852720519,0.0,11.463616854613221
2023-01-15 20:00:00,24.90743432003805,67.98243417434571,1.0,15.413044329360229
2023-01-15 21:00:00,23.55670680539931,40.48854237095918,0.0,9.427288624818104
2023-01-15 22:00:00,26.613592801690448,56.3230654121996,0.0,12.159273826444545
2023-01-15 23:00:00,20.863845282238387,65.88558216923558,0.0,6.120181126386509
2023-01-16 00:00:00,27.596732571205862,44.39332495724167,0.0,7.130690869545974
2023-01-16 01:00:00,32.66369456501289,57.53134656045904,0.0,11.417218833641133
2023-01-16 02:00:00,24.456199257715713,41.66015543956833,0.0,14.452348085607895
2023-01-16 03:00:00,27.008558610494706,43.928924857751035,0.0,11.06684004635698
2023-01-16 04:00:00,28.450719958555563,59.8461638100798,0.0,9.060825908430537
2023-01-16 05:00:00,22.993897640570818,46.63578770215302,0.0,9.997874216270063
2023-01-16 06:00:00,26.120462409052084,68.3770424130779,1.0,6.248776798090848
2023-01-16 07:00:00,25.062962003908975,74.47324845686329,0.0,11.8135459790661
2023-01-16 08:00:00,25.48838049274416,80.02933495545415,0.0,12.646999186970227
2023-01-16 09:00:00,21.13495108072267,50.007512212240506,0.0,8.643729001500759
2023-01-16 10:00:00,25.122550871294713,48.37412911295349,0.0,8.589873556721496
2023-01-16 11:00:00,27.489991456227248,45.228392016720015,0.5,10.797634688956146
2023-01-16 12:00:00,32.25571803897521,71.82151247718184,0.0,8.689840791878213
2023-01-16 13:00:00,29.796354130426035,75.32378632434506,0.0,9.801602156122533
2023-01-16 14:00:00,35.76591228755778,41.5793072412821,2.0,16.299165367499548
2023-01-16 15:00:00,21.163262185559752,86.81061231218449,0.0,9.25892289776201
2023-01-16 16:00:00,29.361603183603393,42.59856418257362,1.0,8.924979543936333
2023-01-16 17:00:00,25.91671002869176,67.06481676505352,0.0,8.057374583094523
2023-01-16 18:00:00,35.94901466608836,75.45302597254582,0.0,12.23257591449981
2023-01-16 19:00:00,20.958508573224243,83.54845618730428,0.0,9.45632748034569
2023-01-16 20:00:00,20.801390789096118,75.70434660662139,0.0,8.051880885035722
2023-01-16 21:00:00,22.00303677277989,80.08640415348958,5.0,13.963912096819037
2023-01-16 22:00:00,14.380521378450965,56.972509627140305,0.0,14.258809013540912
2023-01-16 23:00:00,22.371224891596196,80.7412556873256,0.0,8.198729302783885
2023-01-17 00:00:00,21.20433669223151,44.00574231923376,0.0,4.4003801459181515
2023-01-17 01:00:00,25.75196893238104,84.74083280302638,0.0,13.022541069510766
2023-01-17 02:00:00,26.708779878885796,67.37961880768681,0.0,7.946110522719988
2023-01-17 03:00:00,34.38085419607943,80.86488849812469,2.0,12.371876797488305
2023-01-17 04:00:00,29.75211919093025,62.615914225915006,0.0,4.089688546864494
2023-01-17 05:00:00,22.115481721687985,72.17888475982625,0.0,12.677792014897928
2023-01-17 06:00:00,20.50792664325821,66.32013304680567,0.0,6.366484212157657
2023-01-17 07:00:00,27.459595857532527,76.5794760877666,0.0,12.192292357199573
2023-01-17 08:00:00,18.398833964896788,44.08149910152948,0.0,10.042819203509302
2023-01-17 09:00:00,34.157293829271765,43.01760419952819,0.0,7.138181741810065
2023-01-17 10:00:00,30.897200603606436,52.355161700507324,0.5,8.778891061219658
2023-01-17 11:00:00,22.654121739476476,47.97723400565942,0.0,12.058955370870102
2023-01-17 12:00:00,16.434327354545612,83.58917832961009,0.0,10.317683359345702
2023-01-17 13:00:00,31.769361870827062,50.960699367902215,0.0,11.753238941417452
2023-01-17 14:00:00,24.42730077373691,88.79326279095656,0.5,15.929321753546457
2023-01-17 15:00:00,31.189081559867308,56.844789588555344,0.0,5.307275164866846
2023-01-17 16:00:00,17.027861706028165,49.10589578443496,0.0,14.85163772490587
2023-01-17 17:00:00,22.003124885231134,79.48492535712396,0.0,10.313067812569638
2023-01-17 18:00:00,25.026218498590914,72.9353887750438,0.0,7.303647855030615
2023-01-17 19:00:00,25.23490296882371,64.90978582265694,0.0,6.009059122783031
2023-01-17 20:00:00,22.74967264260378,67.76817754688156,0.0,9.4326388276689
2023-01-17 21:00:00,28.114249661737492,75.96008891361319,0.0,12.764950335773378
2023-01-17 22:00:00,19.661897853087027,51.422737066564935,0.0,9.617352638867397
2023-01-17 23:00:00,24.288102574893532,89.8166958028371,1.0,14.533464790742043
2023-01-18 00:00:00,25.601478158559495,88.73965810733915,0.5,5.646472929845324
2023-01-18 01:00:00,27.572194170293745,72.51628431734684,0.0,9.963733156461837
2023-01-18 02:00:00,28.55807439044445,49.97712254645725,0.0,6.242819666760643
2023-01-18 03:00:00,19.376789540810655,74.01141212156458,0.0,11.090895647874904
2023-01-18 04:00:00,17.32942914632189,43.60992044895879,0.0,12.6606621702919
2023-01-18 05:00:00,31.388384109492545,41.532625110290304,0.0,8.73771461895684
2023-01-18 06:00:00,26.661570059897958,52.884144425560685,0.0,2.1873584301185973
2023-01-18 07:00:00,21.25756731721723,63.131147836965816,0.0,10.596844440389484
2023-01-18 08:00:00,32.75575987761262,83.41362527041903,0.5,11.310215655200528
2023-01-18 09:00:00,25.578373171464293,76.3584534883154,0.0,11.212884264885092
2023-01-18 10:00:00,30.896485920319133,77.13532605999904,0.0,13.707346575466463
2023-01-18 11:00:00,25.337592407050543,61.274666722403765,0.0,6.786838961052854
2023-01-18 12:00:00,35.303739624409936,57.29674962734815,0.0,12.040648316351348
2023-01-18 13:00:00,33.77670421221602,58.55193814923014,0.0,13.577522537433925
2023-01-18 14:00:00,23.75517925760463,89.3824781868029,0.0,4.6642372479804495
2023-01-18 15:00:00,29.85785475477178,42.005459570624126,0.0,10.958955477756932
2023-01-18 16:00:00,28.226879747925736,83.35157480612243,0.0,8.487460506976985
2023-01-18 17:00:00,31.843157787661745,68.93377042861967,0.0,9.755431980695063
2023-01-18 18:00:00,20.17538269709948,61.930770959479524,0.0,11.043029450615009
2023-01-18 19:00:00,28.430257299992196,76.26288302075682,0.5,8.538314307659343
2023-01-18 20:00:00,30.29212243424794,64.33344707123514,0.5,7.972875762515164
2023-01-18 21:00:00,16.20630256788443,83.67116190408302,0.5,10.102457252464074
2023-01-18 22:00:00,19.083707436671126,85.03509320056293,0.0,6.738262183411592
2023-01-18 23:00:00,14.803839111199498,61.08604634367277,0.0,6.742524613344443
2023-01-19 00:00:00,23.652965827777212,53.841389861752575,5.0,12.03811984886951
2023-01-19 01:00:00,28.58771127897981,69.61751642966811,0.0,6.553617894524032
2023-01-19 02:00:00,32.51178526048014,85.61816728083454,0.0,11.998937502727635
2023-01-19 03:00:00,25.370473902098876,50.53310945028333,0.0,11.387773878561854
2023-01-19 04:00:00,33.14307772785646,71.14832917817414,0.0,4.822579813628209
2023-01-19 05:00:00,18.099492708925542,71.57801100462603,1.0,7.967306042993035
2023-01-19 06:00:00,16.483087803224226,76.65565112076405,0.0,13.582328209142117
2023-01-19 07:00:00,24.722261505516904,46.57838425636299,0.0,7.056503406580955
2023-01-19 08:00:00,26.920327244696537,75.79124823410443,0.0,8.606787213071836
2023-01-19 09:00:00,24.836526259529535,85.45162603328205,0.0,11.38618267975569
2023-01-19 10:00:00,14.662789499800617,48.984155443512094,0.5,12.350171527847786
2023-01-19 11:00:00,24.55439980243606,51.87716624619388,0.0,9.245383341866512
2023-01-19 12:00:00,18.477652497475734,88.56975470208198,0.0,8.207469415925075
2023-01-19 13:00:00,28.348362744150194,49.04884763547449,2.0,14.267109585095522
2023-01-19 14:00:00,26.83299123048424,82.71925466847895,0.0,15.216698991392736
2023-01-19 15:00:00,20.300601068363225,64.61389282240174,0.0,12.936574152345386
2023-01-19 16:00:00,22.430665413316532,52.36155372015885,0.0,10.255954427695071
2023-01-19 17:00:00,19.70393239055524,83.53749506362557,0.0,7.575202835077221
2023-01-19 18:00:00,24.68660451363414,62.265262750133274,0.0,7.508666780330304
2023-01-19 19:00:00,29.775711602506192,65.74086769648451,0.0,11.567542315797272
2023-01-19 20:00:00,20.07136976832228,57.96166846998828,0.0,11.255194662666051
2023-01-19 21:00:00,27.520232577589223,69.64754257174637,0.0,14.204795778839287
2023-01-19 22:00:00,22.348711908137794,48.17619362925114,1.0,11.951350277608418
2023-01-19 23:00:00,21.03563583868828,59.55407683258804,0.0,5.490759094720546
2023-01-20 00:00:00,24.464848200227213,88.47061611676438,0.0,13.155842853168757
2023-01-20 01:00:00,19.82378838790313,52.90667163505638,0.0,7.005818118056761
2023-01-20 02:00:00,22.23175347326409,72.8368332270646,0.0,8.848086184142945
2023-01-20 03:00:00,19.010610537055758,56.259503211234744,0.0,10.750600618755083
2023-01-20 04:00:00,34.82362566458195,78.67365628433004,0.5,15.987002469351893
2023-01-20 05:00:00,25.176317759858645,46.54368303591749,1.0,19.329755668016084
2023-01-20 06:00:00,21.50137246003707,88.49105225392724,0.0,11.820169177408548
2023-01-20 07:00:00,26.06989955367111,62.68947706918196,5.0,9.450410143838836
2023-01-20 08:00:00,24.43835975154585,51.8025231673232,0.0,11.603516945441651
2023-01-20 09:00:00,23.895152002333884,43.67483736650063,0.0,12.662966277621507
2023-01-20 10:00:00,28.070833500217127,48.48789525437704,0.0,9.037997123328426
2023-01-20 11:00:00,28.787538550236526,65.98869742780089,0.5,15.385634067736966
2023-01-20 12:00:00,22.34749426194736,56.850158821564314,0.0,10.690212277574206
2023-01-20 13:00:00,22.1209087967766,81.44416829413046,0.0,11.493229267274183
2023-01-20 14:00:00,23.62474151424178,61.54437618309029,0.0,11.997772756163384
2023-01-20 15:00:00,13.490394176322075,52.435713629381496,0.0,11.264759831843367
2023-01-20 16:00:00,17.42404468900724,70.8572493302015,0.0,12.516821501408836
2023-01-20 17:00:00,31.834371337222624,75.33886084427229,0.5,8.148240440359231
2023-01-20 18:00:00,33.22483856750642,48.35209539504749,0.5,8.325094738161908
2023-01-20 19:00:00,23.75481980221811,48.380960814415886,0.0,6.6995373010849155
2023-01-20 20:00:00,27.882784815278832,41.83357134667715,2.0,11.318503691860679
2023-01-20 21:00:00,26.556250772717682,76.82010075328202,0.0,12.336809510536343
2023-01-20 22:00:00,40.39440404227619,73.19022638109026,5.0,11.373318598455658
2023-01-20 23:00:00,30.597874557172883,63.73154378749069,0.0,15.023477300042611
2023-01-21 00:00:00,24.360412042596167,82.20852244845986,0.0,9.98321194351286
2023-01-21 01:00:00,20.22229779699787,80.28350764750266,0.0,12.006224966777538
2023-01-21 02:00:00,16.96776839871214,69.2677182198376,0.5,6.724897371582057
2023-01-21 03:00:00,26.017318179336115,83.41356402566294,0.0,8.838700892576798
2023-01-21 04:00:00,21.218246273578483,50.292060501838414,0.0,12.086613272697333
2023-01-21 05:00:00,17.88873145201163,45.5959809698864,0.0,12.547306332229432
2023-01-21 06:00:00,21.767135578787368,53.48748057584948,0.0,9.118099157007453
2023-01-21 07:00:00,19.592259981928024,42.854342804465745,0.0,9.785202244425799
2023-01-21 08:00:00,33.43570817536282,66.5584764000516,0.0,5.446378759957572
2023-01-21 09:00:00,29.408198784747253,86.83028461474808,0.5,8.928912397580172
2023-01-21 10:00:00,24.960136793416915,41.967177033425486,0.0,12.671149490559358
2023-01-21 11:00:00,32.39972069445013,46.105495700501336,0.0,11.7256150483197
2023-01-21 12:00:00,25.38684153823809,62.60995141417176,0.0,11.50199716414363
2023-01-21 13:00:00,20.69357899335868,86.69375087639524,0.5,10.14932106154288
2023-01-21 14:00:00,32.61562038634828,55.807805248837525,0.5,10.02118947588453
2023-01-21 15:00:00,27.694550218423295,65.36174043441963,0.0,8.019036581579659
2023-01-21 16:00:00,19.81376922836772,42.0786429525196,0.0,12.096485260607604
2023-01-21 17:00:00,24.04830660958196,47.41716004810444,0.0,11.26291883316817
2023-01-21 18:00:00,20.621908733076214,89.33150614794235,0.0,11.476056543978398
2023-01-21 19:00:00,18.086001345178317,88.25593482180227,0.5,8.421895471997258
2023-01-21 20:00:00,29.630887737658206,40.24699904672048,0.0,3.539971240386267
2023-01-21 21:00:00,34.54708320235065,87.59058927116195,0.0,13.291458135261088
2023-01-21 22:00:00,18.007162130904295,71.95599689077503,0.0,8.563487631974787
2023-01-21 23:00:00,27.814846183452854,83.39591472600111,0.5,7.411672707870638
2023-01-22 00:00:00,21.746787154390866,62.736992781692955,0.0,12.08043673574198
2023-01-22 01:00:00,22.56437308117652,65.77980142896251,0.0,8.82396208024261
2023-01-22 02:00:00,22.038030378805654,64.44232901284602,0.0,13.179809152139866
2023-01-22 03:00:00,20.68004615160092,73.34321287730522,0.5,11.851017848730093
2023-01-22 04:00:00,25.242608139724133,46.98256273781564,0.0,12.050707969601433
2023-01-22 05:00:00,20.84524941794481,41.4986794936339,0.0,5.902132866398397
2023-01-22 06:00:00,26.352284128899193,55.396497079559545,0.0,13.635831956159201
2023-01-22 07:00:00,24.748809452754315,75.23403813683234,0.0,10.783751593701568
2023-01-22 08:00:00,23.80525976566795,50.09267260614742,0.0,8.892168582261391
2023-01-22 09:00:00,20.46218168979201,73.67162166624587,0.0,10.430165402026754
2023-01-22 10:00:00,22.116143347158335,88.49560230536352,0.0,4.67129430130504
2023-01-22 11:00:00,28.77695612912878,44.69503578947092,0.0,11.225958434442013
2023-01-22 12:00:00,27.504585938121902,73.63010591125632,0.0,6.9118854754537855
2023-01-22 13:00:00,20.112223776007244,62.187510965228554,0.5,5.941989142469397
2023-01-22 14:00:00,25.49666152714613,83.40711271887527,0.0,5.432922441346326
2023-01-22 15:00:00,28.756935616858947,48.857489472369295,2.0,13.338065124969775
2023-01-22 16:00:00,16.652973594393142,74.63129761130823,0.0,8.112209818921635
2023-01-22 17:00:00,27.716800961899676,81.90576448240552,0.0,14.601183129749497
2023-01-22 18:00:00,21.686881205270765,87.23071097370116,0.0,8.392595610843106
2023-01-22 19:00:00,27.852993342965796,74.16240141448229,0.0,4.87792612722116
2023-01-22 20:00:00,21.183704217287417,64.85873820042136,0.0,6.650426680154022
2023-01-22 21:00:00,15.975589496677404,70.8923620100607,0.0,13.707434860020816
2023-01-22 22:00:00,16.862287810584185,83.44524922393592,0.0,9.532305466189998
2023-01-22 23:00:00,25.24042473330691,68.53048733194149,0.5,8.355138110528197
2023-01-23 00:00:00,26.29861250860741,41.519352984841845,0.0,10.480054677558362
2023-01-23 01:00:00,20.478416874477958,86.54743477534889,0.5,11.505348208502635
2023-01-23 02:00:00,28.19296229388687,74.47633755157806,0.0,13.352196447707382
2023-01-23 03:00:00,16.6923996886552,73.82566928886233,0.0,14.34549768967878
2023-01-23 04:00:00,24.66960100676342,50.78375761988586,0.0,8.920694062632743
2023-01-23 05:00:00,18.944919001187717,72.94427351163286,0.0,6.021856941753885
2023-01-23 06:00:00,21.740819460989204,59.69322028270793,0.0,8.759604516630173
2023-01-23 07:00:00,25.23699335658207,72.5616488520746,0.0,10.780841519748659
2023-01-23 08:00:00,20.69793317358024,45.32965151539953,0.0,7.108723221368168
2023-01-23 09:00:00,23.077222278850872,72.89226523015179,0.0,7.128547255314871
2023-01-23 10:00:00,30.0314640460722,89.97068628853333,0.0,11.031363644649657
2023-01-23 11:00:00,22.115540652384254,42.4106019430278,1.0,9.854042945288647
2023-01-23 12:00:00,29.17846056032571,88.85870921106587,0.5,10.09839098623476
2023-01-23 13:00:00,19.351465726711908,60.345398036143536,0.0,7.724513995899791
2023-01-23 14:00:00,27.649020889576413,83.53767251686295,0.0,9.308797857382698
2023-01-23 15:00:00,32.207843103289505,79.11927420291367,0.0,7.227300567195087
2023-01-23 16:00:00,12.641777499363553,68.3508130493334,0.0,12.67059523337436
2023-01-23 17:00:00,21.015523722647615,76.92246046256633,1.0,13.105748004171257
2023-01-23 18:00:00,27.8853606359027,83.92577806506739,0.0,4.4614364132857185
2023-01-23 19:00:00,23.984773069785035,60.20701608255165,0.0,7.21146741942277
2023-01-23 20:00:00,26.855729366856544,56.35165807816193,0.0,5.510412234729763
2023-01-23 21:00:00,21.980074066420897,73.37966927817924,0.0,8.049928196779305
2023-01-23 22:00:00,25.4329489373645,80.39229709706294,0.0,9.749686090628918
2023-01-23 23:00:00,24.221613823039604,78.11425673883079,0.5,5.6510643409044095
2023-01-24 00:00:00,30.838910308299035,79.89068244293173,0.0,7.234420560624061
2023-01-24 01:00:00,26.272104216506065,61.77916574064665,0.0,6.988127883755505
2023-01-24 02:00:00,26.68801331037601,80.89171080875107,2.0,10.621801988196832
2023-01-24 03:00:00,22.940615169387662,46.01045276853042,0.0,10.208033011108752
2023-01-24 04:00:00,22.561968879637533,67.22445489804248,0.0,7.834787339988241
2023-01-24 05:00:00,22.837209060901895,40.28793302490608,0.0,10.530462616418195
2023-01-24 06:00:00,26.972260711891483,56.22929149501351,0.0,8.359959746238204
2023-01-24 07:00:00,22.895077595898684,58.32307674356989,1.0,9.18503466902184
2023-01-24 08:00:00,26.448874284482066,59.808634580462765,0.0,15.020356270895611
2023-01-24 09:00:00,35.37700399322719,74.7733603344931,0.5,14.021383155371044
2023-01-24 10:00:00,29.355623517158463,59.42790506351729,0.0,6.101256289217207
2023-01-24 11:00:00,23.369882339160796,62.43468113112653,1.0,12.489197253637524
2023-01-24 12:00:00,31.006069610819722,51.87720654371637,0.0,12.434189663474776
2023-01-24 13:00:00,22.959623134892244,58.662589581467,0.5,6.555210133742145
2023-01-24 14:00:00,14.80937732411073,51.363481363157575,0.0,12.456332931264582
2023-01-24 15:00:00,19.95956844541298,43.659796188422185,2.0,14.613795755237659
2023-01-24 16:00:00,15.646040394870722,70.17242966906889,0.0,6.632365581266758
2023-01-24 17:00:00,23.24243257979346,73.41063992775082,0.0,7.2474915369572095
2023-01-24 18:00:00,25.092091895947757,70.97451730048073,0.5,13.052984400530507
2023-01-24 19:00:00,33.382186561376415,63.17470219002862,0.0,10.814485932476945
2023-01-24 20:00:00,26.634636868820813,58.98928900896149,0.5,11.65442882571857
2023-01-24 21:00:00,23.90449735595568,83.16668247859127,0.0,11.02176764920149
2023-01-24 22:00:00,29.147027905917447,65.9540892568109,0.0,11.172087762784432
2023-01-24 23:00:00,13.944323454960575,63.95909388148655,0.0,6.0205836150667515
2023-01-25 00:00:00,26.178072790542828,41.282103290321785,0.0,13.141953119864345
2023-01-25 01:00:00,28.854325969434832,57.06239138130782,0.0,13.50876997728332
2023-01-25 02:00:00,17.607068771100792,59.00978093929285,0.0,9.311827767795917
2023-01-25 03:00:00,30.718770216034645,59.94113904484502,0.0,9.869569150558412
2023-01-25 04:00:00,26.69248203747207,69.00861846136661,0.0,5.406677492332833
2023-01-25 05:00:00,22.923560430495993,66.68012733634393,0.0,11.542764268053505
2023-01-25 06:00:00,28.163909330531425,70.39525463967223,0.0,11.716172325142432
2023-01-25 07:00:00,36.35346428902198,78.2441630771064,0.0,9.813426949002068
2023-01-25 08:00:00,25.909331275292477,80.64928693580467,0.0,13.373060079611509
2023-01-25 09:00:00,26.24110293150168,75.90615381132471,0.0,8.997768307060179
2023-01-25 10:00:00,22.70319550229878,87.77618479774674,1.0,11.6938177776808
2023-01-25 11:00:00,20.75077815267604,40.91162913381808,0.5,6.9410069839236535
2023-01-25 12:00:00,29.151679082721227,49.788899284177305,0.0,9.929343547377286
2023-01-25 13:00:00,20.719580870455665,40.37814374890711,0.0,9.476937226291492
2023-01-25 14:00:00,25.357831186096963,72.37373570773015,0.5,10.675923766122825
2023-01-25 15:00:00,22.611712766174417,84.90152744749935,0.0,8.891419213499924
2023-01-25 16:00:00,27.39489912873196,52.174114828814965,0.0,9.605582212984997
2023-01-25 17:00:00,26.66831052643474,86.35172723981533,0.0,12.47814151432452
2023-01-25 18:00:00,30.187699721289498,43.01336951447804,0.0,8.689707288285348
2023-01-25 19:00:00,22.449918005726264,86.72180134027572,0.0,5.180268697783962
2023-01-25 20:00:00,23.650625323533145,57.581134361981725,0.0,15.248751712616261
2023-01-25 21:00:00,20.106181421088465,45.07104142246082,5.0,14.144362236071458
2023-01-25 22:00:00,22.77853369961944,64.29358795931628,0.5,6.123211914683144
2023-01-25 23:00:00,26.88650246522426,52.8388283860254,0.0,12.069123415735582
2023-01-26 00:00:00,28.78494308322676,54.24364509809614,0.0,8.49107568834597
2023-01-26 01:00:00,20.389173379111874,55.36449824631433,0.5,10.79046164599318
2023-01-26 02:00:00,29.3480296005283,80.15129489163317,0.0,10.882672387040481
2023-01-26 03:00:00,31.778189294024756,66.95806383376272,0.0,9.296776599051034
2023-01-26 04:00:00,27.067174516118506,55.565384957800184,0.0,7.6487030032408105
2023-01-26 05:00:00,34.38397906279033,70.51668916554593,1.0,7.928376843051222
2023-01-26 06:00:00,21.131054004482134,75.80753371115968,0.0,7.251424253556273
2023-01-26 07:00:00,18.776726483442914,53.63120003667669,0.5,7.504533375308666
2023-01-26 08:00:00,16.106398755478608,60.67745507626758,0.5,9.798465129851934
2023-01-26 09:00:00,32.480221557445915,46.09430466684738,0.0,7.852720032667745
2023-01-26 10:00:00,28.27182828177029,49.05746747673402,0.0,12.04615619713786
2023-01-26 11:00:00,24.722076645447725,74.05589269824914,0.0,14.461738466007782
2023-01-26 12:00:00,26.399843131599102,49.071917384781344,0.0,8.259840275889871
2023-01-26 13:00:00,19.372554763508116,66.258169183353,0.0,10.718213501606131
2023-01-26 14:00:00,37.228759898084135,75.45231308612163,0.0,11.499055330908801
2023-01-26 15:00:00,25.646105909876137,45.34384615473719,0.0,11.416006812757823
2023-01-26 16:00:00,25.546973973024464,68.36561098144517,0.5,10.227865803748262
2023-01-26 17:00:00,28.62883311949346,52.82813918506819,0.0,12.228047255079167
2023-01-26 18:00:00,27.405046158683568,88.146343761879,0.0,11.446746858041971
2023-01-26 19:00:00,26.119420121395656,64.17728233599624,0.0,6.2870127330181065
2023-01-26 20:00:00,21.04762772277344,80.2996274887579,0.0,12.607468193167819
2023-01-26 21:00:00,27.357341785679978,67.51132710781309,0.0,12.661872511800226
2023-01-26 22:00:00,34.41012248237517,42.170626642740956,0.0,7.710141687464255
2023-01-26 23:00:00,31.727100230774887,71.65756877970111,0.0,10.113813506342806
2023-01-27 00:00:00,32.965933133196984,87.57016711033285,0.0,12.049986978433209
2023-01-27 01:00:00,22.443921617844076,70.08059100731656,0.0,9.372058541261914
2023-01-27 02:00:00,20.051975898707095,80.95944297133951,0.0,13.218934143298036
2023-01-27 03:00:00,24.37106539950176,84.2103231674204,0.0,17.09161748385808
2023-01-27 04:00:00,25.278624561443472,51.40398859744663,2.0,7.642041902095053
2023-01-27 05:00:00,30.470957592354743,50.60224199541133,0.0,5.856866190538676
2023-01-27 06:00:00,16.537676851425903,70.54904944254959,0.0,10.911455786814628
2023-01-27 07:00:00,32.64775159730307,60.55142349033524,0.0,12.16468751537843
2023-01-27 08:00:00,24.209960507105052,81.99306514333603,0.0,9.307400878465693
2023-01-27 09:00:00,22.8655946502629,85.00115616990055,0.0,14.359781989963103
2023-01-27 10:00:00,19.93947812369916,57.6710689651359,0.0,5.984182600830254
2023-01-27 11:00:00,16.725716640671152,51.8435279487241,0.0,12.078755869094834
2023-01-27 12:00:00,29.115852919809573,79.0262757621931,0.0,8.18241753772332
2023-01-27 13:00:00,25.36658983594202,53.740301777406806,0.0,15.15813371862189
2023-01-27 14:00:00,18.55019550129473,81.13071592568392,0.0,15.977546059504355
2023-01-27 15:00:00,18.52460613968192,61.18691268243814,0.0,7.7000302366499564
2023-01-27 16:00:00,23.32107650354936,73.37749496457351,2.0,8.35132859227426
2023-01-27 17:00:00,33.34510762644696,44.77676569173341,0.0,12.578763660939405
2023-01-27 18:00:00,23.702043243181976,71.19296623382866,0.0,8.838608050631457
2023-01-27 19:00:00,17.48428523440947,62.588383936861455,0.0,9.863766346203285
2023-01-27 20:00:00,23.77128467957028,69.3304231587737,0.0,10.07616526162723
2023-01-27 21:00:00,23.636382151261646,48.40071038724317,0.0,4.240980531407031
2023-01-27 22:00:00,11.515566785292142,76.8436872472091,0.0,9.958486761717289
2023-01-27 23:00:00,24.72852566741094,83.13985387716143,0.0,7.930816677807479
2023-01-28 00:00:00,23.84532734895661,50.836990004538784,0.0,8.520631532800683
2023-01-28 01:00:00,28.48103182406709,44.78572777600809,0.0,14.330896010406443
2023-01-28 02:00:00,34.244780474726724,41.18192930231682,0.0,6.2304793171622315
2023-01-28 03:00:00,30.632825147738785,72.0985750221633,0.0,12.439615560243933
2023-01-28 04:00:00,23.655556547225846,70.35470180443903,0.0,9.163111209004574
2023-01-28 05:00:00,19.467370456291647,67.33487063570351,0.0,9.160719494512497
2023-01-28 06:00:00,37.8667990162493,51.59735480579877,0.5,12.371115688155134
2023-01-28 07:00:00,25.29609217007244,59.54529979527574,0.0,11.020153883706671
2023-01-28 08:00:00,25.06964645956473,69.72381675930865,0.0,11.711838991658592
2023-01-28 09:00:00,24.879374564449982,64.83834294295846,0.0,12.904553981598584
2023-01-28 10:00:00,25.990423803839274,89.38927601074437,1.0,9.006074850450032
2023-01-28 11:00:00,24.278197940380288,46.821987627836656,0.0,8.16328979647675
2023-01-28 12:00:00,22.131689965598817,74.75722770237968,0.0,6.7445484203266055
2023-01-28 13:00:00,22.26570529379804,60.21593840521461,0.0,7.523768410063134
2023-01-28 14:00:00,24.836233648920008,61.40998074628074,0.0,18.847283275926173
2023-01-28 15:00:00,22.282876144331176,75.87988828290881,0.0,13.73403874221036
2023-01-28 16:00:00,21.435771086614178,74.62180756621848,0.0,5.9467769013759355
2023-01-28 17:00:00,25.532151138459483,89.56279968510941,0.5,6.032626129769289
2023-01-28 18:00:00,23.725113912895722,46.41971447270626,0.0,11.445598185155475
2023-01-28 19:00:00,32.51996494291345,45.20548246920832,0.0,11.641794392133901
2023-01-28 20:00:00,11.745150958034941,76.21694085643705,5.0,11.646651505952093
2023-01-28 21:00:00,30.45753425961231,68.91934585032045,0.0,9.235132619338906
2023-01-28 22:00:00,31.230425962488145,53.70803332799029,0.0,9.623637219991299
2023-01-28 23:00:00,14.633048837959253,43.97096844944933,0.0,10.983638572478073
2023-01-29 00:00:00,23.286562029598258,44.282912479821526,0.0,10.25767901887999
2023-01-29 01:00:00,23.142795670021044,84.70954373320592,0.0,3.3420988817573942
2023-01-29 02:00:00,17.962441526410892,49.59336623593715,1.0,9.310601108274419
2023-01-29 03:00:00,21.110916562045624,56.168578105776035,0.0,7.445780697219059
2023-01-29 04:00:00,19.447120772670857,51.3328201113494,0.0,10.525634256725535
2023-01-29 05:00:00,33.761352217118116,57.74981529159686,0.0,18.95577700781023
2023-01-29 06:00:00,29.678391965737305,43.47119213730467,0.5,11.102444996422914
2023-01-29 07:00:00,31.357775474970794,65.95298954541352,2.0,9.059410941482806
2023-01-29 08:00:00,28.608360320216175,43.380628179610746,0.5,12.765404505931757
2023-01-29 09:00:00,19.354741143913856,80.01782539111808,0.0,11.448063661627637
2023-01-29 10:00:00,22.37739866860113,51.685604095521654,0.0,11.260283471355525
2023-01-29 11:00:00,27.44687280613959,67.00059573022553,0.0,11.820551779647014
2023-01-29 12:00:00,18.889360955540273,84.0039543780729,0.0,16.169630694488625
2023-01-29 13:00:00,28.56499215086194,72.5438684523597,0.0,6.607334694022253
2023-01-29 14:00:00,23.798373009209325,66.64788932756676,0.0,11.420896230434364
2023-01-29 15:00:00,23.125895962252013,56.21668765576878,0.0,7.220856610055385
2023-01-29 16:00:00,28.554799841017456,56.6500956529099,0.0,11.666537939026744
2023-01-29 17:00:00,27.2213165574302,73.4743477599095,0.0,7.243940465541717
2023-01-29 18:00:00,23.1951691709046,89.70696806105838,0.0,8.747899559184747
2023-01-29 19:00:00,30.79664901682124,73.09195949246893,0.0,9.114730257286281
2023-01-29 20:00:00,19.594683362000513,67.88917086850125,0.0,12.927450158034127
2023-01-29 21:00:00,28.07967803472132,76.5325255119623,0.0,12.75536333182724
2023-01-29 22:00:00,27.96550628984192,63.26028061418591,0.0,6.262847870660846
2023-01-29 23:00:00,23.452267803430047,43.00711713003926,0.0,10.164802332999546
2023-01-30 00:00:00,26.63066511121059,68.1148407938955,0.0,7.8712604357524825
2023-01-30 01:00:00,18.744432118073483,87.881264225269,0.0,6.224485267973996
2023-01-30 02:00:00,29.620135096034506,48.76514711788298,1.0,9.348948848726888
2023-01-30 03:00:00,24.075489317785056,74.50024454103328,0.0,9.074551634632542
2023-01-30 04:00:00,22.386384897404803,50.04668443295282,0.0,17.280149459036565
2023-01-30 05:00:00,30.245046129184445,66.79138422365406,0.0,11.298879476082089
2023-01-30 06:00:00,21.478281547286205,44.83382248233598,0.0,5.867147497737288
2023-01-30 07:00:00,17.957693518182204,62.51854681290926,0.0,8.305677987487172
2023-01-30 08:00:00,17.216854132380483,77.8081664447623,0.0,13.064149886288195
2023-01-30 09:00:00,28.030049756728197,57.3785762119491,1.0,16.265328318609775
2023-01-30 10:00:00,18.597853237518585,73.24558622436089,0.0,5.2420500632861255
2023-01-30 11:00:00,33.77397090992182,79.77249803948646,0.5,4.360226844582865
2023-01-30 12:00:00,14.59035296058139,86.35889097397263,0.0,15.612895526115347
2023-01-30 13:00:00,33.48228184145019,51.73210409277267,0.0,11.168842532112711
2023-01-30 14:00:00,26.05508733601309,59.96579579046541,1.0,7.3951218043709
2023-01-30 15:00:00,24.516434440648037,47.62080066652087,0.0,11.603887258367307
2023-01-30 16:00:00,22.275404565955252,89.62417510791876,0.0,2.092756782949367
2023-01-30 17:00:00,26.995680571760353,86.35004839621476,0.0,10.010126519791482
2023-01-30 18:00:00,24.81182648787576,66.99785651402797,0.0,10.983463518529256
2023-01-30 19:00:00,30.516509410082605,82.10166471882107,0.0,12.772810418613489
2023-01-30 20:00:00,25.571138243310198,66.04789886360211,0.0,6.958312143122387
2023-01-30 21:00:00,25.75150880730939,71.17928440013799,0.0,10.257061484210077
2023-01-30 22:00:00,23.18193893893072,44.456221605800835,0.0,7.2237261218212385
2023-01-30 23:00:00,24.715271881394663,77.7635210248404,0.0,10.766151267022952
